Player,Pos,Age,Tm,G,GS,MP,FG,FGA,FG%,3P,3PA,3P%,2P,2PA,2P%,eFG%,FT,FTA,FT%,ORB,DRB,TRB,AST,STL,BLK,TOV,PF,PTS,Salary
A.J. Green,SG,23,MIL,12,0,5.8,1.1,2.0,0.542,0.8,1.6,0.474,0.3,0.4,0.8,0.729,0.3,0.3,1.0,0.2,0.5,0.7,0.3,0.1,0.0,0.2,0.9,3.2,
A.J. Lawson,SG,22,MIN,1,0,2.0,1.0,1.0,1.0,0.0,0.0,,1.0,1.0,1.0,1.0,0.0,0.0,,0.0,1.0,1.0,0.0,0.0,0.0,0.0,1.0,2.0,
AJ Griffin,SF,19,ATL,31,9,21.7,4.2,9.0,0.462,1.7,4.6,0.366,2.5,4.4,0.562,0.556,0.5,0.5,0.875,0.7,1.7,2.4,1.0,1.1,0.1,0.8,1.3,10.5,Below mean
Aaron Gordon,PF,27,DEN,29,29,30.0,6.8,11.1,0.611,1.0,2.7,0.39,5.7,8.4,0.68,0.657,2.9,4.6,0.644,2.4,4.3,6.7,2.1,0.9,0.8,1.6,1.8,17.5,Above mean
Aaron Holiday,PG,26,ATL,31,3,17.1,1.9,4.3,0.439,0.7,1.5,0.438,1.2,2.7,0.44,0.519,0.6,0.7,0.826,0.5,1.0,1.5,1.6,0.7,0.2,0.7,1.7,5.0,Below mean
Aaron Nesmith,SF,23,IND,30,18,22.3,3.1,7.5,0.418,1.5,4.1,0.355,1.7,3.4,0.495,0.516,1.1,1.3,0.868,0.8,2.9,3.7,1.2,0.7,0.5,1.0,3.1,8.8,Below mean
Aaron Wiggins,SG,24,OKC,26,6,18.9,2.4,5.1,0.474,0.7,1.8,0.375,1.7,3.3,0.529,0.541,1.0,1.3,0.794,1.1,2.7,3.7,1.5,0.6,0.2,0.9,1.6,6.6,Below mean
Admiral Schofield,PF,25,ORL,23,0,12.5,1.7,3.5,0.481,0.8,2.2,0.36,0.9,1.3,0.677,0.593,0.5,0.6,0.923,0.7,1.2,1.9,0.7,0.3,0.1,0.2,2.0,4.7,
Al Horford,C,36,BOS,26,26,30.8,3.7,7.5,0.5,2.2,4.8,0.444,1.6,2.6,0.603,0.644,0.2,0.3,0.625,1.0,5.3,6.3,2.6,0.5,1.1,0.7,1.9,9.8,Above mean
Alec Burks,SG,31,DET,24,0,21.3,4.2,9.1,0.461,2.0,4.6,0.432,2.2,4.5,0.491,0.571,3.4,4.3,0.788,0.3,2.6,2.8,2.0,0.9,0.1,1.2,2.3,13.8,Above mean
Aleksej Pokusevski,PF,21,OKC,31,25,21.8,3.5,7.8,0.44,1.2,3.3,0.376,2.2,4.6,0.486,0.519,0.7,1.1,0.636,1.5,3.6,5.1,2.0,0.6,1.3,1.3,1.8,8.8,Below mean
Alex Caruso,PG,28,CHI,30,14,25.0,1.8,4.0,0.438,0.8,2.2,0.373,0.9,1.8,0.519,0.541,1.0,1.3,0.763,0.4,2.4,2.8,3.6,1.6,0.7,1.4,2.3,5.3,Below mean
Alex Len,C,29,SAC,9,1,4.3,0.6,1.1,0.5,0.0,0.1,0.0,0.6,1.0,0.556,0.5,0.3,0.4,0.75,0.3,1.1,1.4,0.2,0.0,0.0,0.2,0.8,1.4,Below mean
Alize Johnson,PF,26,SAS,4,0,7.5,0.8,1.5,0.5,0.0,0.5,0.0,0.8,1.0,0.75,0.5,0.3,0.5,0.5,0.5,2.0,2.5,0.3,0.3,0.0,1.0,0.8,1.8,Below mean
Alondes Williams,SG,23,BRK,1,0,5.0,0.0,0.0,,0.0,0.0,,0.0,0.0,,,0.0,0.0,,0.0,1.0,1.0,0.0,0.0,0.0,2.0,1.0,0.0,
Alperen Şengün,C,20,HOU,31,28,26.7,5.6,10.2,0.554,0.2,0.8,0.208,5.5,9.4,0.582,0.562,3.0,3.7,0.793,3.3,5.5,8.8,2.5,0.7,0.9,2.1,3.2,14.4,Below mean
Amir Coffey,SG,25,LAC,29,7,13.9,1.2,3.0,0.391,0.3,0.9,0.346,0.9,2.1,0.41,0.443,1.1,1.4,0.805,0.4,0.8,1.1,1.2,0.2,0.1,0.4,1.1,3.8,Below mean
Andre Drummond,C,29,CHI,27,0,14.1,2.6,4.6,0.56,0.0,0.1,0.0,2.6,4.6,0.569,0.56,1.0,1.7,0.587,2.3,5.0,7.3,0.8,0.6,0.4,1.2,2.0,6.2,Below mean
Andrew Nembhard,SG,23,IND,30,21,26.1,3.3,7.1,0.46,1.3,3.5,0.377,1.9,3.6,0.542,0.554,0.5,0.5,0.875,0.4,2.7,3.1,3.8,1.0,0.2,1.5,2.9,8.3,Below mean
Andrew Wiggins,SF,27,GSW,22,22,32.8,7.4,14.5,0.511,3.0,6.8,0.45,4.4,7.7,0.565,0.616,1.2,2.0,0.628,1.5,3.6,5.1,2.2,1.4,0.8,1.4,2.9,19.1,Above mean
Anfernee Simons,SG,23,POR,32,32,35.9,7.9,18.1,0.439,3.9,10.1,0.383,4.1,8.0,0.51,0.546,2.7,3.0,0.895,0.3,2.6,2.8,4.1,0.8,0.2,2.2,2.5,22.4,Above mean
Anthony Davis,C,29,LAL,25,25,33.4,10.2,17.2,0.594,0.4,1.2,0.29,9.8,15.9,0.618,0.605,6.6,8.0,0.826,3.1,9.0,12.1,2.6,1.3,2.1,1.9,2.7,27.4,Above mean
Anthony Edwards,SG,21,MIN,35,35,36.8,8.5,18.4,0.463,2.6,7.0,0.367,5.9,11.4,0.521,0.533,3.9,5.3,0.745,0.7,5.3,6.0,4.5,1.8,0.5,3.3,2.8,23.5,Above mean
Anthony Gill,PF,30,WAS,28,4,10.5,1.1,1.9,0.574,0.1,0.5,0.143,1.0,1.4,0.725,0.593,0.5,0.6,0.824,0.5,0.9,1.5,0.5,0.2,0.2,0.2,1.3,2.8,Below mean
Anthony Lamb,SF,25,GSW,28,3,18.5,2.2,4.5,0.492,1.2,3.1,0.379,1.0,1.4,0.744,0.623,0.3,0.5,0.643,0.7,2.4,3.1,1.6,0.6,0.3,1.0,2.1,5.9,
Austin Reaves,SG,24,LAL,33,10,29.1,3.5,6.8,0.516,1.3,3.3,0.382,2.2,3.4,0.646,0.61,2.6,2.8,0.904,0.7,2.3,2.9,2.1,0.6,0.4,1.3,1.6,10.8,Below mean
Austin Rivers,SG,30,MIN,25,9,19.7,1.9,4.1,0.466,0.9,2.3,0.397,1.0,1.8,0.556,0.578,0.9,1.0,0.88,0.1,1.7,1.8,1.2,0.5,0.0,0.6,1.7,5.6,Below mean
Ayo Dosunmu,PG,23,CHI,32,24,26.8,3.8,7.6,0.5,0.9,2.8,0.333,2.8,4.8,0.599,0.562,0.8,1.0,0.818,0.6,2.5,3.2,2.7,0.7,0.4,1.3,2.4,9.3,Below mean
Bam Adebayo,C,25,MIA,31,31,35.3,8.3,15.5,0.535,0.0,0.3,0.1,8.3,15.2,0.544,0.536,4.2,5.1,0.828,2.5,7.4,9.9,3.3,0.9,0.7,3.0,3.2,20.9,Above mean
Ben Simmons,PG,26,BRK,25,20,27.4,3.8,6.3,0.605,0.0,0.0,0.0,3.8,6.2,0.609,0.605,0.7,1.6,0.439,1.1,5.6,6.8,6.0,1.4,0.5,2.2,3.5,8.3,Above mean
Bennedict Mathurin,SG,20,IND,35,2,28.3,5.4,13.1,0.415,1.7,5.1,0.343,3.7,8.0,0.461,0.481,4.5,5.5,0.82,1.1,2.8,3.9,1.5,0.6,0.1,1.8,2.0,17.1,Below mean
Bismack Biyombo,C,30,PHO,30,4,13.7,1.6,2.8,0.578,0.0,0.0,,1.6,2.8,0.578,0.578,0.4,1.3,0.342,1.1,2.6,3.7,0.9,0.3,1.4,1.0,2.0,3.6,Below mean
Blake Griffin,PF,33,BOS,15,8,15.3,1.9,3.9,0.5,0.5,1.6,0.333,1.4,2.3,0.618,0.569,1.0,1.4,0.714,1.0,2.9,3.9,1.2,0.3,0.1,0.4,2.1,5.4,Below mean
Blake Wesley,SG,19,SAS,2,0,11.5,3.0,4.5,0.667,1.0,1.5,0.667,2.0,3.0,0.667,0.778,1.0,2.0,0.5,0.5,0.5,1.0,2.0,0.0,0.0,1.0,1.5,8.0,Below mean
Boban Marjanović,C,34,HOU,10,0,3.8,0.7,1.1,0.636,0.0,0.1,0.0,0.7,1.0,0.7,0.636,0.7,0.9,0.778,0.1,0.9,1.0,0.1,0.1,0.1,0.2,0.1,2.1,Below mean
Bobby Portis,PF,27,MIL,34,8,26.1,5.8,11.6,0.495,1.1,3.6,0.306,4.7,8.1,0.578,0.542,1.0,1.3,0.773,2.5,7.6,10.0,1.8,0.3,0.3,1.1,1.7,13.6,Above mean
Bogdan Bogdanović,SG,30,ATL,12,3,29.9,6.3,14.3,0.439,3.6,8.5,0.422,2.7,5.8,0.464,0.564,1.3,1.7,0.8,0.3,3.5,3.8,2.3,0.8,0.3,1.6,1.2,17.4,Above mean
Bojan Bogdanović,PF,33,DET,36,36,31.2,6.7,14.1,0.477,2.4,5.9,0.404,4.3,8.2,0.531,0.562,4.8,5.4,0.902,0.5,3.1,3.6,2.4,0.6,0.1,2.4,1.8,20.7,Above mean
Bol Bol,PF,23,ORL,36,31,26.0,4.9,8.3,0.593,0.7,1.8,0.4,4.2,6.5,0.647,0.637,1.4,1.9,0.75,1.4,5.7,7.1,0.9,0.5,1.6,1.9,1.4,12.0,Below mean
Bones Hyland,PG,22,DEN,26,1,20.8,4.4,11.3,0.389,2.3,6.1,0.386,2.0,5.2,0.393,0.493,1.8,2.2,0.842,0.3,1.8,2.2,3.4,0.6,0.3,1.7,1.8,13.0,Below mean
Bradley Beal,SG,29,WAS,23,23,34.5,8.9,16.8,0.527,1.6,4.6,0.343,7.3,12.3,0.596,0.574,4.2,4.9,0.858,0.9,2.7,3.6,5.2,1.0,0.6,2.8,1.9,23.5,Above mean
Brandon Boston Jr.,SG,21,LAC,13,0,9.5,1.8,4.7,0.377,0.6,1.4,0.444,1.2,3.3,0.349,0.443,1.2,1.5,0.789,0.2,0.8,1.0,0.7,0.2,0.0,0.4,0.7,5.3,Below mean
Brandon Clarke,PF,26,MEM,33,3,19.6,4.2,6.4,0.651,0.0,0.2,0.167,4.2,6.2,0.665,0.653,1.8,2.5,0.744,1.4,4.1,5.5,1.2,0.5,0.8,1.1,2.3,10.2,Below mean
Brandon Ingram,SF,25,NOP,15,15,32.1,7.3,15.4,0.472,1.9,4.0,0.467,5.4,11.4,0.474,0.532,4.4,5.1,0.868,0.5,4.6,5.1,4.7,0.9,0.7,2.8,2.2,20.8,Above mean
Braxton Key,SF,25,DET,3,0,3.0,0.3,0.3,1.0,0.0,0.0,,0.3,0.3,1.0,1.0,0.7,0.7,1.0,0.0,0.3,0.3,0.0,0.0,0.0,0.0,0.0,1.3,
Brook Lopez,C,34,MIL,33,33,30.8,5.5,10.9,0.508,2.0,5.2,0.392,3.5,5.7,0.614,0.601,1.7,2.2,0.803,1.8,4.1,5.9,1.2,0.5,2.6,1.3,2.3,14.8,Above mean
Bruce Brown,PG,26,DEN,33,18,29.5,4.3,8.8,0.49,1.2,3.1,0.398,3.1,5.7,0.54,0.56,0.9,1.2,0.795,0.9,3.2,4.1,4.1,0.9,0.6,1.6,2.5,10.8,Below mean
Bruno Fernando,C,24,HOU,17,3,10.9,1.6,2.8,0.583,0.0,0.1,0.0,1.6,2.8,0.596,0.583,0.8,1.3,0.636,1.6,2.1,3.7,1.1,0.3,0.7,0.6,2.2,4.1,Below mean
Bryce McGowens,SG,20,CHO,13,0,14.3,1.4,3.5,0.4,0.5,1.2,0.375,0.9,2.2,0.414,0.467,0.8,0.9,0.917,0.2,1.2,1.4,1.0,0.3,0.3,0.5,0.5,4.1,
Bryn Forbes,SG,29,MIN,21,0,10.6,1.1,3.3,0.333,0.4,1.7,0.25,0.7,1.6,0.424,0.399,0.6,0.6,1.0,0.2,0.4,0.6,0.6,0.3,0.0,0.4,0.8,3.2,Below mean
Buddy Boeheim,PG,23,DET,1,0,1.0,0.0,0.0,,0.0,0.0,,0.0,0.0,,,0.0,0.0,,0.0,0.0,0.0,0.0,0.0,0.0,0.0,0.0,0.0,
Buddy Hield,SG,30,IND,35,35,31.6,6.3,14.0,0.454,3.8,9.0,0.419,2.6,5.0,0.517,0.589,1.2,1.4,0.857,0.9,3.8,4.7,2.6,0.9,0.3,2.0,1.9,17.7,Above mean
CJ McCollum,SG,31,NOP,30,30,35.2,7.4,17.9,0.414,2.5,6.9,0.367,4.9,11.0,0.444,0.485,2.0,2.4,0.819,0.9,4.2,5.1,6.1,1.1,0.6,2.5,1.8,19.4,Above mean
Cade Cunningham,PG,21,DET,12,12,33.3,7.8,18.7,0.415,1.4,5.1,0.279,6.3,13.6,0.466,0.453,3.0,3.6,0.837,1.0,5.2,6.2,6.0,0.8,0.6,3.3,2.8,19.9,Above mean
Caleb Houstan,SF,20,ORL,24,1,17.3,1.3,3.6,0.372,0.9,2.6,0.355,0.4,1.0,0.417,0.5,0.5,0.5,0.846,0.7,1.8,2.4,0.7,0.2,0.1,0.3,1.6,4.0,Below mean
Caleb Martin,PF,27,MIA,32,32,32.2,4.1,8.8,0.465,1.5,3.8,0.397,2.6,5.0,0.516,0.55,1.0,1.3,0.786,1.6,3.3,4.8,1.9,1.1,0.4,1.2,1.8,10.7,Below mean
Cam Reddish,SF,23,NYK,20,8,21.9,3.1,6.8,0.449,0.9,2.8,0.304,2.2,4.0,0.55,0.511,1.5,1.7,0.879,0.4,1.2,1.6,1.0,0.8,0.4,0.8,1.6,8.4,Below mean
Cam Thomas,SG,21,BRK,25,0,14.1,2.1,5.3,0.402,0.4,1.2,0.367,1.7,4.1,0.412,0.443,1.9,2.4,0.783,0.1,1.2,1.3,1.4,0.4,0.1,0.8,0.9,6.6,Below mean
Cameron Johnson,PF,26,PHO,8,8,25.3,4.6,10.4,0.446,2.8,6.4,0.431,1.9,4.0,0.469,0.578,1.0,1.4,0.727,0.6,2.8,3.4,1.8,1.1,0.4,0.3,1.8,13.0,Below mean
Cameron Payne,PG,28,PHO,26,14,24.8,4.7,11.4,0.416,1.8,4.8,0.387,2.9,6.6,0.436,0.497,1.4,1.8,0.766,0.3,2.0,2.4,5.3,1.0,0.2,2.0,2.1,12.7,Below mean
Caris LeVert,SG,28,CLE,31,16,30.4,4.1,10.5,0.395,1.4,4.1,0.349,2.7,6.4,0.424,0.463,1.9,2.5,0.759,0.7,3.4,4.1,3.8,0.7,0.1,1.6,2.3,11.6,Above mean
Cedi Osman,SF,27,CLE,34,0,22.9,3.6,7.6,0.467,1.3,4.0,0.328,2.2,3.6,0.623,0.554,1.1,1.6,0.679,0.3,2.3,2.6,1.6,0.5,0.1,0.8,1.8,9.5,Below mean
Charles Bassey,C,22,SAS,23,1,13.6,2.0,3.0,0.671,0.1,0.3,0.333,2.0,2.8,0.703,0.686,0.7,1.0,0.667,1.9,3.3,5.2,1.2,0.3,1.0,1.1,2.1,4.9,Below mean
Chima Moneke,SF,27,SAC,2,0,4.0,0.5,1.0,0.5,0.0,0.0,,0.5,1.0,0.5,0.5,0.0,1.0,0.0,1.0,0.0,1.0,0.5,0.0,0.0,1.0,1.0,1.0,Below mean
Chimezie Metu,C,25,SAC,25,0,11.1,2.1,3.6,0.584,0.2,0.8,0.238,1.9,2.7,0.691,0.612,0.6,0.8,0.8,0.6,2.4,3.0,0.6,0.4,0.2,0.7,1.1,5.0,Below mean
Chris Boucher,PF,30,TOR,29,0,22.2,3.6,7.9,0.45,0.8,2.8,0.272,2.8,5.1,0.547,0.498,2.4,3.2,0.763,2.2,3.9,6.1,0.5,0.7,0.7,0.7,2.4,10.3,Above mean
Chris Duarte,SF,25,IND,14,5,18.7,2.9,7.6,0.374,1.3,4.1,0.316,1.6,3.6,0.44,0.458,0.9,1.2,0.765,0.4,1.7,2.1,1.4,0.2,0.3,0.9,1.7,7.9,Below mean
Chris Paul,PG,37,PHO,22,22,31.4,4.2,10.2,0.413,1.6,4.2,0.376,2.6,6.0,0.439,0.491,2.6,3.4,0.784,0.5,3.8,4.3,8.8,1.5,0.3,2.0,2.5,12.7,Above mean
Christian Braun,SG,21,DEN,31,1,14.9,1.5,3.2,0.46,0.4,1.1,0.343,1.1,2.1,0.523,0.52,0.4,0.7,0.524,0.6,1.5,2.1,0.6,0.3,0.2,0.4,1.2,3.7,Below mean
Christian Koloko,C,22,TOR,32,17,16.2,1.3,2.9,0.447,0.0,0.2,0.0,1.3,2.7,0.483,0.447,1.0,1.5,0.673,1.7,1.7,3.3,0.5,0.3,1.2,0.5,2.6,3.7,Below mean
Christian Wood,PF,27,DAL,32,7,28.0,6.4,11.9,0.538,1.6,4.3,0.38,4.8,7.6,0.627,0.606,2.9,4.1,0.712,1.2,6.9,8.0,1.5,0.5,0.9,2.3,2.8,17.4,Above mean
Chuma Okeke,PF,24,ORL,18,7,21.8,1.8,4.8,0.368,1.0,3.3,0.3,0.8,1.5,0.519,0.471,0.9,1.2,0.762,1.2,3.1,4.2,1.4,0.6,0.5,0.5,1.9,5.4,Below mean
Clint Capela,C,28,ATL,27,27,27.5,5.4,8.6,0.636,0.0,0.0,,5.4,8.6,0.636,0.636,1.1,1.9,0.6,4.3,7.6,11.9,0.7,0.6,1.3,1.0,2.4,12.0,Above mean
Coby White,PG,22,CHI,26,0,20.3,2.8,6.7,0.411,1.6,4.5,0.347,1.2,2.2,0.544,0.529,0.8,1.1,0.786,0.2,2.2,2.3,1.8,0.7,0.2,0.9,1.7,8.0,Below mean
Cody Martin,SF,27,CHO,1,0,1.0,0.0,0.0,,0.0,0.0,,0.0,0.0,,,0.0,0.0,,0.0,0.0,0.0,0.0,0.0,0.0,0.0,0.0,0.0,Below mean
Cole Anthony,PG,22,ORL,19,3,26.3,4.5,10.3,0.439,1.3,3.8,0.347,3.2,6.5,0.492,0.503,2.5,2.8,0.906,0.5,4.1,4.5,4.4,0.8,0.4,1.7,3.3,12.9,Below mean
Cole Swider,SF,23,LAL,1,0,2.0,0.0,1.0,0.0,0.0,1.0,0.0,0.0,0.0,,0.0,0.0,0.0,,0.0,1.0,1.0,1.0,0.0,0.0,0.0,0.0,0.0,
Collin Sexton,SG,24,UTA,30,10,23.9,4.9,9.8,0.497,1.0,2.5,0.387,3.9,7.3,0.534,0.546,3.6,4.3,0.844,0.9,1.4,2.3,2.9,0.6,0.1,1.7,2.4,14.3,Above mean
Corey Kispert,SF,23,WAS,28,17,27.7,3.4,7.0,0.48,1.7,4.3,0.392,1.7,2.7,0.618,0.599,0.9,1.2,0.765,0.5,1.9,2.5,1.5,0.6,0.1,0.6,1.5,9.3,Below mean
Cory Joseph,PG,31,DET,30,2,14.8,1.6,4.1,0.402,0.6,1.8,0.34,1.0,2.3,0.449,0.475,0.5,0.7,0.682,0.2,0.9,1.1,3.0,0.3,0.1,0.6,1.4,4.4,Below mean
DAngelo Russell,PG,26,MIN,33,33,32.8,6.2,13.4,0.46,2.3,6.6,0.355,3.8,6.8,0.563,0.548,2.2,2.7,0.818,0.5,2.7,3.2,6.5,1.2,0.5,2.9,2.1,16.8,Above mean
Daishen Nix,PG,20,HOU,29,0,15.1,1.2,3.5,0.347,0.7,2.3,0.313,0.5,1.2,0.412,0.45,0.5,0.7,0.714,0.3,1.4,1.7,2.6,0.8,0.1,1.4,1.0,3.7,Below mean
Dalano Banton,PG,23,TOR,22,2,10.1,2.0,4.7,0.423,0.6,2.0,0.302,1.4,2.8,0.508,0.486,0.6,0.8,0.824,0.4,1.0,1.5,1.2,0.5,0.5,0.6,1.1,5.2,Below mean
Dalen Terry,SG,20,CHI,14,0,3.7,0.3,0.9,0.308,0.1,0.3,0.25,0.2,0.6,0.333,0.346,0.2,0.3,0.75,0.0,0.3,0.3,0.5,0.1,0.1,0.3,0.3,0.9,Below mean
Damian Jones,C,27,LAL,18,1,9.3,1.1,2.0,0.556,0.0,0.2,0.0,1.1,1.8,0.606,0.556,0.8,1.1,0.75,1.0,1.9,2.9,0.2,0.2,0.6,0.4,0.8,3.1,Below mean
Damian Lillard,PG,32,POR,22,22,35.1,8.3,18.8,0.441,4.2,11.1,0.38,4.0,7.6,0.53,0.553,6.7,7.4,0.908,0.6,3.2,3.8,7.2,0.8,0.3,3.5,1.9,27.5,Above mean
Damion Lee,SG,30,PHO,36,2,21.9,2.8,6.1,0.464,1.9,3.8,0.486,1.0,2.3,0.427,0.616,1.0,1.1,0.925,0.6,2.8,3.4,1.3,0.4,0.1,0.9,1.6,8.6,Below mean
Daniel Gafford,C,24,WAS,36,5,15.5,2.9,3.8,0.752,0.0,0.0,,2.9,3.8,0.752,0.752,1.2,2.0,0.603,1.8,2.7,4.5,0.5,0.4,1.1,0.9,1.9,6.9,Below mean
Danuel House Jr.,SF,29,PHI,28,2,17.0,1.7,3.4,0.495,0.7,2.0,0.345,1.0,1.4,0.7,0.595,0.9,1.1,0.75,0.3,1.7,2.0,0.8,0.2,0.3,0.5,1.4,4.9,Below mean
Dario Šarić,PF,28,PHO,18,3,10.1,1.2,3.4,0.355,0.5,1.5,0.333,0.7,1.9,0.371,0.427,0.4,0.6,0.8,0.9,1.9,2.8,0.8,0.2,0.1,0.6,1.4,3.4,Below mean
Darius Bazley,PF,22,OKC,23,1,16.6,2.1,4.9,0.438,0.5,1.4,0.364,1.6,3.4,0.468,0.491,0.9,1.8,0.488,0.9,2.8,3.7,1.0,0.5,1.1,0.6,1.2,5.7,Below mean
Darius Garland,PG,23,CLE,29,29,36.0,7.3,16.6,0.444,2.5,6.3,0.396,4.9,10.3,0.473,0.519,4.3,4.9,0.879,0.4,2.3,2.7,7.8,1.3,0.2,3.3,2.1,21.4,Below mean
David Duke Jr.,SG,23,BRK,14,0,9.0,1.4,3.1,0.442,0.0,0.4,0.0,1.4,2.6,0.514,0.442,0.3,0.6,0.5,0.4,0.6,1.1,0.9,0.4,0.1,0.9,1.6,3.0,
David Roddy,PF,21,MEM,32,1,18.6,2.5,6.2,0.401,0.9,3.3,0.283,1.5,2.8,0.538,0.477,0.7,1.0,0.636,0.6,2.1,2.7,0.7,0.4,0.3,0.8,1.4,6.5,Below mean
Davion Mitchell,PG,24,SAC,32,3,19.5,2.6,5.7,0.451,0.8,2.6,0.305,1.8,3.1,0.57,0.519,0.4,0.5,0.706,0.2,1.3,1.6,2.6,0.6,0.3,1.0,1.5,6.3,Below mean
Davon Reed,SG,27,DEN,23,1,10.3,0.8,2.5,0.31,0.5,1.5,0.353,0.3,1.0,0.25,0.414,0.5,0.7,0.688,0.3,1.2,1.5,0.6,0.3,0.1,0.6,1.2,2.6,Below mean
DayRon Sharpe,C,21,BRK,18,1,8.6,1.3,2.6,0.522,0.2,0.2,0.75,1.2,2.3,0.5,0.554,0.7,0.9,0.706,1.3,1.9,3.2,0.6,0.2,0.6,0.7,1.7,3.5,Below mean
DeAaron Fox,PG,25,SAC,30,30,32.5,8.7,17.1,0.507,1.8,5.1,0.344,6.9,12.0,0.577,0.558,4.5,5.7,0.788,0.4,4.4,4.8,5.7,0.9,0.4,2.6,2.7,23.6,Above mean
DeAndre Hunter,SF,25,ATL,28,28,30.7,5.4,12.0,0.448,1.4,4.0,0.354,3.9,7.9,0.495,0.507,2.8,3.4,0.823,0.6,3.4,4.1,1.2,0.4,0.2,1.3,2.9,15.0,Below mean
DeAnthony Melton,PG,24,PHI,30,23,30.2,4.4,10.4,0.423,2.4,6.2,0.392,2.0,4.2,0.468,0.54,0.6,0.9,0.704,1.1,3.6,4.7,3.2,2.0,0.4,1.7,2.3,11.9,Below mean
DeAndre Jordan,C,34,DEN,26,3,14.4,2.0,2.7,0.754,0.0,0.0,1.0,2.0,2.6,0.75,0.761,0.7,1.4,0.472,1.3,4.0,5.3,0.8,0.2,0.7,1.1,1.6,4.7,Below mean
DeAndre Jordan,C,34,DEN,26,3,14.4,2.0,2.7,0.754,0.0,0.0,1.0,2.0,2.6,0.75,0.761,0.7,1.4,0.472,1.3,4.0,5.3,0.8,0.2,0.7,1.1,1.6,4.7,Below mean
DeMar DeRozan,SF,33,CHI,34,34,36.0,9.4,18.3,0.512,0.4,1.4,0.298,8.9,16.9,0.53,0.523,7.4,8.3,0.887,0.5,4.6,5.2,5.0,0.9,0.4,1.9,2.7,26.5,Above mean
Dean Wade,PF,26,CLE,17,9,24.1,2.2,4.9,0.452,1.4,3.3,0.411,0.9,1.6,0.536,0.589,0.5,0.8,0.692,0.6,3.5,4.1,1.0,0.7,0.4,0.4,2.5,6.4,Below mean
Deandre Ayton,C,24,PHO,32,32,29.1,7.9,12.7,0.619,0.2,0.6,0.389,7.7,12.2,0.63,0.628,2.1,2.9,0.731,3.0,6.6,9.7,1.9,0.5,0.8,2.1,2.9,18.1,Above mean
Dejounte Murray,SG,26,ATL,30,30,35.9,8.1,18.2,0.446,2.0,5.7,0.347,6.1,12.5,0.491,0.5,2.3,2.8,0.833,0.7,4.6,5.3,6.2,1.7,0.4,2.5,1.7,20.5,Above mean
Delon Wright,PG,30,WAS,7,0,19.9,1.9,4.7,0.394,0.6,2.4,0.235,1.3,2.3,0.563,0.455,1.1,1.6,0.727,0.6,1.1,1.7,3.6,2.6,0.6,0.9,1.3,5.4,Below mean
Deni Avdija,SF,22,WAS,34,29,25.9,2.9,6.9,0.421,0.9,3.0,0.304,2.0,3.9,0.511,0.487,1.4,1.7,0.793,0.9,4.6,5.5,2.6,0.8,0.6,1.4,3.1,8.1,Below mean
Dennis Schröder,PG,29,LAL,21,18,27.2,3.7,8.3,0.443,1.0,3.0,0.349,2.6,5.3,0.495,0.506,2.1,2.4,0.9,0.1,2.0,2.1,3.6,0.4,0.0,1.8,2.1,10.5,Below mean
Dennis Smith Jr.,PG,25,CHO,15,11,27.9,4.1,8.9,0.463,0.7,2.0,0.333,3.5,6.9,0.5,0.5,0.4,0.8,0.5,0.6,2.7,3.3,5.7,1.8,0.7,1.5,2.3,9.3,Below mean
Dereon Seabron,SG,22,NOP,2,0,1.5,0.0,0.0,,0.0,0.0,,0.0,0.0,,,0.0,0.0,,0.0,0.0,0.0,0.0,0.0,0.0,0.0,0.0,0.0,
Derrick Jones Jr.,SF,25,CHI,25,0,13.8,1.9,3.8,0.5,0.4,1.3,0.344,1.5,2.6,0.578,0.557,1.2,1.4,0.833,0.9,1.4,2.3,0.6,0.5,0.7,0.4,1.3,5.5,Below mean
Derrick Rose,PG,34,NYK,24,0,12.8,2.4,6.0,0.4,0.8,2.3,0.345,1.6,3.8,0.433,0.466,0.4,0.4,1.0,0.3,1.3,1.6,1.8,0.3,0.2,0.9,0.7,6.0,Above mean
Derrick White,SG,28,BOS,35,28,26.1,3.3,7.5,0.439,1.5,4.0,0.371,1.8,3.5,0.516,0.538,1.8,2.1,0.861,0.6,2.5,3.1,3.1,0.8,0.8,1.0,2.3,9.8,Above mean
Desmond Bane,SG,24,MEM,15,15,31.9,7.3,16.7,0.434,3.2,8.1,0.397,4.1,8.7,0.469,0.53,4.7,5.1,0.921,0.4,4.1,4.5,3.9,0.5,0.3,2.0,2.5,22.4,Below mean
Devin Booker,SG,26,PHO,29,29,34.6,9.8,20.4,0.477,2.3,6.2,0.37,7.4,14.2,0.524,0.534,5.3,6.2,0.85,0.8,3.8,4.6,5.6,0.9,0.4,2.4,2.7,27.1,Above mean
Devin Vassell,SG,22,SAS,28,23,31.5,7.2,16.1,0.447,2.8,7.0,0.403,4.4,9.1,0.48,0.534,2.4,3.0,0.8,0.2,3.8,4.0,3.6,1.3,0.4,1.6,1.5,19.6,Below mean
Devon Dotson,PG,23,WAS,6,0,8.8,0.2,1.7,0.1,0.2,0.7,0.25,0.0,1.0,0.0,0.15,0.0,0.0,,1.0,0.7,1.7,1.3,0.8,0.0,0.5,1.5,0.5,
Devonte Graham,PG,27,NOP,34,0,15.0,1.6,4.4,0.369,1.3,3.6,0.355,0.4,0.8,0.429,0.513,0.9,1.1,0.821,0.3,1.3,1.6,2.1,0.4,0.2,0.6,0.8,5.4,Above mean
Dewayne Dedmon,C,33,MIA,26,0,12.2,2.4,4.7,0.508,0.4,1.4,0.306,2.0,3.3,0.593,0.553,1.2,1.6,0.714,1.0,2.7,3.7,0.6,0.2,0.5,0.7,2.0,6.3,Below mean
Dewayne Dedmon,C,33,MIA,26,0,12.2,2.4,4.7,0.508,0.4,1.4,0.306,2.0,3.3,0.593,0.553,1.2,1.6,0.714,1.0,2.7,3.7,0.6,0.2,0.5,0.7,2.0,6.3,Below mean
Dillon Brooks,SG,27,MEM,30,30,30.6,6.5,15.9,0.41,2.2,6.5,0.345,4.3,9.4,0.454,0.48,2.2,2.8,0.783,0.7,2.9,3.6,2.7,0.9,0.1,1.8,3.3,17.4,Above mean
Domantas Sabonis,PF,26,SAC,32,32,33.7,6.7,10.9,0.615,0.5,1.2,0.421,6.2,9.7,0.639,0.638,4.5,6.0,0.741,2.9,9.4,12.3,6.7,0.8,0.5,2.4,3.7,18.3,Above mean
Dominick Barlow,SF,19,SAS,4,0,6.5,0.8,1.8,0.429,0.0,0.8,0.0,0.8,1.0,0.75,0.429,1.0,1.0,1.0,0.5,0.3,0.8,0.8,0.3,0.0,0.0,0.8,2.5,
Donovan Mitchell,SG,26,CLE,31,31,36.3,9.9,20.1,0.492,3.8,9.2,0.418,6.1,10.9,0.555,0.587,4.8,5.5,0.882,0.9,2.9,3.8,4.5,1.4,0.4,2.9,2.6,28.5,Above mean
Donte DiVincenzo,SG,26,GSW,26,7,22.0,2.4,6.0,0.397,1.6,4.2,0.389,0.8,1.8,0.417,0.532,0.8,0.9,0.833,0.8,3.5,4.3,2.8,1.2,0.1,1.3,2.0,7.2,Below mean
Dorian Finney-Smith,PF,29,DAL,31,31,31.6,3.0,7.5,0.401,1.9,5.4,0.345,1.1,2.1,0.547,0.526,0.5,0.8,0.64,1.4,2.6,4.0,1.2,1.0,0.5,0.9,1.9,8.4,Above mean
Doug McDermott,SF,31,SAS,29,0,20.6,3.9,8.4,0.467,2.0,4.9,0.413,1.9,3.5,0.545,0.588,0.7,0.9,0.741,0.3,1.8,2.1,1.4,0.1,0.2,1.0,1.7,10.6,Above mean
Draymond Green,PF,32,GSW,32,32,30.8,3.2,6.2,0.52,0.6,1.8,0.316,2.7,4.4,0.603,0.566,1.0,1.3,0.721,0.7,5.8,6.5,6.7,0.7,0.8,2.4,2.9,8.0,Above mean
Drew Eubanks,C,25,POR,32,4,17.9,2.5,3.3,0.752,0.1,0.1,0.667,2.4,3.2,0.755,0.762,0.8,1.2,0.667,1.5,2.7,4.2,0.9,0.4,1.0,0.8,1.9,5.8,Below mean
Dru Smith,SG,25,MIA,5,1,13.4,1.0,2.8,0.357,0.2,1.2,0.167,0.8,1.6,0.5,0.393,0.0,0.0,,0.2,1.6,1.8,1.0,0.8,0.6,0.2,2.0,2.2,
Duane Washington Jr.,SG,22,PHO,19,0,10.9,2.7,7.0,0.391,1.1,3.2,0.344,1.6,3.8,0.431,0.47,0.2,0.5,0.444,0.1,1.0,1.1,1.5,0.2,0.1,0.6,0.5,6.8,
Duncan Robinson,SF,28,MIA,25,0,18.2,2.3,6.2,0.372,1.7,5.0,0.339,0.6,1.3,0.5,0.506,0.7,0.8,0.9,0.2,1.8,2.1,1.2,0.3,0.0,0.7,2.0,7.0,Above mean
Dwight Powell,C,31,DAL,30,23,17.4,2.1,3.0,0.692,0.0,0.1,0.0,2.1,3.0,0.708,0.692,1.3,2.0,0.678,1.8,1.7,3.5,0.5,0.5,0.4,0.8,2.7,5.5,Above mean
Dyson Daniels,PG,19,NOP,25,5,19.7,1.9,4.1,0.471,0.6,1.6,0.41,1.3,2.5,0.508,0.549,0.6,1.0,0.625,0.7,2.8,3.5,2.2,0.8,0.2,0.9,2.0,5.1,Below mean
Davis Bertans,PF,30,DAL,16,0,9.6,1.5,3.6,0.414,1.3,3.2,0.412,0.2,0.4,0.429,0.595,0.6,0.8,0.833,0.3,0.6,0.9,0.3,0.2,0.1,0.3,1.2,4.9,Above mean
Edmond Sumner,SG,27,BRK,30,9,14.9,2.4,5.4,0.447,0.5,1.9,0.286,1.9,3.5,0.533,0.497,1.7,1.9,0.929,0.3,1.1,1.5,1.5,0.9,0.2,1.0,1.6,7.1,Below mean
Eric Gordon,SG,34,HOU,28,28,29.8,3.9,9.5,0.415,1.9,5.4,0.347,2.1,4.1,0.504,0.513,1.8,2.1,0.845,0.3,1.7,2.0,2.4,0.6,0.4,1.8,0.8,11.5,Above mean
Eugene Omoruyi,SF,25,OKC,15,1,12.8,2.3,4.8,0.472,0.5,1.9,0.286,1.7,2.9,0.591,0.528,0.9,1.3,0.684,1.0,1.7,2.7,0.6,0.8,0.0,0.7,2.3,5.9,
Evan Fournier,SG,30,NYK,13,7,20.0,2.4,6.9,0.344,1.5,4.4,0.333,0.9,2.5,0.364,0.45,0.7,0.8,0.818,0.2,1.9,2.1,1.7,0.7,0.2,1.1,2.2,6.9,Above mean
Evan Mobley,PF,21,CLE,35,35,34.1,5.9,10.5,0.558,0.3,1.1,0.225,5.6,9.4,0.599,0.57,2.6,3.7,0.703,2.5,6.5,9.0,2.6,0.7,1.3,2.0,2.8,14.6,Below mean
Facundo Campazzo,PG,31,DAL,8,0,6.5,0.4,1.6,0.231,0.4,1.4,0.273,0.0,0.3,0.0,0.346,0.1,0.3,0.5,0.0,0.3,0.3,1.1,0.8,0.0,0.4,0.4,1.3,
Frank Kaminsky,C,29,ATL,16,0,7.8,1.1,1.9,0.567,0.5,1.1,0.444,0.6,0.8,0.75,0.7,0.5,0.5,1.0,0.1,1.5,1.6,1.0,0.1,0.0,0.4,0.9,3.1,Below mean
Frank Ntilikina,PG,24,DAL,16,0,12.5,0.9,2.8,0.311,0.4,1.5,0.25,0.5,1.3,0.381,0.378,0.5,0.7,0.727,0.1,1.3,1.4,1.3,0.3,0.1,0.8,1.4,2.6,Below mean
Franz Wagner,SF,21,ORL,36,36,33.2,7.1,14.8,0.478,1.5,4.4,0.346,5.5,10.3,0.535,0.53,4.0,4.6,0.873,0.9,3.1,4.0,3.4,0.8,0.3,2.3,2.3,19.7,Below mean
Fred VanVleet,PG,28,TOR,28,28,36.7,5.9,15.5,0.382,2.8,8.4,0.331,3.1,7.1,0.442,0.471,3.8,4.4,0.877,0.5,3.4,3.9,6.1,1.6,0.5,1.9,2.7,18.5,Above mean
Furkan Korkmaz,SG,25,PHI,18,0,11.3,1.3,3.4,0.387,0.6,1.7,0.333,0.8,1.8,0.438,0.468,1.0,1.4,0.72,0.2,1.1,1.3,0.9,0.2,0.1,0.7,0.5,4.2,Below mean
Gabe Vincent,PG,26,MIA,21,1,24.8,3.3,8.3,0.402,1.4,4.8,0.3,1.9,3.5,0.541,0.489,1.0,1.2,0.84,0.4,1.7,2.0,2.8,0.9,0.1,1.3,2.6,9.1,Below mean
Garrett Temple,SG,36,NOP,12,0,8.1,0.8,2.2,0.385,0.5,1.3,0.375,0.3,0.8,0.4,0.5,0.3,0.3,0.75,0.2,0.6,0.8,0.4,0.7,0.1,0.3,0.8,2.4,Below mean
Garrison Mathews,SG,26,HOU,27,0,13.1,1.3,3.4,0.376,1.2,3.3,0.364,0.1,0.2,0.6,0.548,1.1,1.1,0.935,0.2,1.0,1.1,0.5,0.6,0.1,0.3,1.3,4.9,Below mean
Gary Harris,SG,28,ORL,9,3,23.9,3.6,7.0,0.508,1.4,3.3,0.433,2.1,3.7,0.576,0.611,1.1,1.1,1.0,0.6,1.9,2.4,1.6,0.6,0.2,1.1,1.9,9.7,Above mean
Gary Trent Jr.,SG,24,TOR,27,18,30.9,5.9,13.6,0.434,2.3,6.6,0.343,3.6,7.0,0.521,0.518,2.7,3.4,0.783,0.5,1.5,2.0,1.4,1.6,0.1,1.1,1.6,16.7,Above mean
George Hill,PG,36,MIL,30,0,20.0,1.7,3.9,0.427,0.6,2.1,0.297,1.0,1.8,0.585,0.509,1.1,1.5,0.727,0.4,1.7,2.1,2.6,0.5,0.1,0.9,1.2,5.0,Below mean
Georges Niang,PF,29,PHI,31,0,20.3,3.3,7.4,0.439,2.3,5.6,0.411,0.9,1.8,0.527,0.596,0.6,0.7,0.909,0.2,2.1,2.3,1.0,0.5,0.3,0.8,2.2,9.5,Below mean
Giannis Antetokounmpo,PF,28,MIL,29,29,33.6,11.4,21.5,0.53,0.8,3.1,0.244,10.6,18.4,0.578,0.547,8.2,12.7,0.644,2.2,9.3,11.6,5.2,0.9,0.9,3.8,3.6,31.7,Above mean
Goga Bitadze,C,23,IND,17,0,9.9,1.5,2.6,0.568,0.2,0.7,0.25,1.3,1.9,0.688,0.602,0.5,1.1,0.5,1.0,1.2,2.2,0.9,0.4,0.5,0.6,1.8,3.6,Below mean
Goran Dragić,PG,36,CHI,32,0,17.1,3.1,7.0,0.442,1.2,2.9,0.404,1.9,4.1,0.469,0.527,0.7,1.1,0.639,0.3,1.2,1.5,2.9,0.2,0.1,1.2,1.4,8.1,Below mean
Gordon Hayward,SF,32,CHO,18,18,33.0,5.6,12.6,0.441,1.3,3.9,0.324,4.3,8.7,0.494,0.491,2.4,3.2,0.772,1.0,4.0,5.0,3.9,0.8,0.2,2.2,1.1,14.8,Above mean
Gorgui Dieng,C,33,SAS,12,1,11.8,1.5,3.7,0.409,0.8,2.6,0.29,0.8,1.1,0.692,0.511,0.3,0.3,0.75,1.0,2.3,3.3,1.8,0.1,0.4,1.0,1.8,4.0,Below mean
Grant Williams,PF,24,BOS,34,14,27.9,3.2,6.2,0.514,1.7,3.8,0.438,1.5,2.4,0.638,0.65,1.2,1.4,0.833,1.0,3.5,4.6,1.6,0.8,0.3,0.9,2.6,9.2,Below mean
Grayson Allen,SG,27,MIL,31,29,27.5,3.4,7.6,0.443,1.7,4.5,0.383,1.6,3.0,0.532,0.557,1.8,2.0,0.934,1.0,2.6,3.6,2.5,0.7,0.2,1.1,1.4,10.3,Below mean
Greg Brown III,PF,21,POR,10,0,6.7,0.8,1.9,0.421,0.1,0.5,0.2,0.7,1.4,0.5,0.447,0.2,0.8,0.25,0.2,0.9,1.1,0.0,0.4,0.5,0.5,0.8,1.9,Below mean
Hamidou Diallo,SG,24,DET,30,0,14.4,2.5,4.9,0.507,0.1,0.5,0.2,2.4,4.4,0.541,0.517,1.5,2.4,0.611,0.9,1.9,2.9,0.9,0.6,0.2,0.8,2.0,6.6,Below mean
Harrison Barnes,PF,30,SAC,33,33,31.5,4.2,9.0,0.471,1.2,3.8,0.302,3.1,5.2,0.596,0.535,4.0,5.0,0.806,1.0,4.4,5.4,1.8,0.8,0.1,1.3,1.4,13.7,Above mean
Haywood Highsmith,SF,26,MIA,24,2,19.4,1.7,4.3,0.385,0.7,2.1,0.34,1.0,2.3,0.426,0.466,0.3,0.7,0.375,1.0,2.8,3.8,0.9,0.9,0.4,0.7,1.3,4.3,Below mean
Herbert Jones,SF,24,NOP,23,23,28.4,3.6,8.2,0.436,0.9,3.0,0.3,2.7,5.1,0.517,0.492,2.5,3.2,0.77,1.2,2.3,3.5,2.2,1.3,0.7,1.2,3.4,10.5,Below mean
Immanuel Quickley,PG,23,NYK,35,2,24.6,3.7,9.1,0.403,1.4,4.4,0.327,2.2,4.7,0.473,0.481,1.8,2.2,0.842,0.5,3.3,3.8,3.2,1.0,0.1,1.3,1.9,10.6,Below mean
Isaac Okoro,SG,22,CLE,35,8,18.7,1.7,4.0,0.421,0.5,1.9,0.25,1.2,2.1,0.583,0.482,0.9,1.1,0.816,0.5,1.6,2.1,0.8,0.6,0.4,0.6,1.8,4.7,Below mean
Isaiah Hartenstein,C,24,NYK,35,7,19.9,2.4,4.7,0.512,0.2,0.9,0.267,2.2,3.8,0.567,0.537,0.7,0.8,0.793,2.8,3.8,6.6,0.8,0.6,0.8,0.9,2.4,5.7,Below mean
Isaiah Jackson,PF,21,IND,29,3,15.6,2.5,4.6,0.553,0.0,0.2,0.167,2.5,4.3,0.571,0.557,1.7,2.5,0.694,1.4,2.7,4.1,1.0,0.5,1.1,0.9,2.3,6.8,Below mean
Isaiah Joe,SG,23,OKC,27,1,12.0,2.1,4.4,0.467,1.6,3.6,0.449,0.4,0.8,0.545,0.65,0.7,0.9,0.826,0.1,1.7,1.8,1.0,0.6,0.1,0.5,1.2,6.5,Below mean
Isaiah Joe,SG,23,OKC,27,1,12.0,2.1,4.4,0.467,1.6,3.6,0.449,0.4,0.8,0.545,0.65,0.7,0.9,0.826,0.1,1.7,1.8,1.0,0.6,0.1,0.5,1.2,6.5,Below mean
Isaiah Livers,PF,24,DET,22,7,19.5,1.9,4.7,0.404,1.3,3.7,0.358,0.6,1.0,0.565,0.543,0.7,0.9,0.75,0.5,1.8,2.3,0.6,0.4,0.5,0.6,1.9,5.8,Below mean
Isaiah Mobley,PF,23,CLE,8,0,3.3,0.5,1.0,0.5,0.1,0.3,0.5,0.4,0.8,0.5,0.563,0.0,0.0,,0.1,1.3,1.4,0.0,0.1,0.0,0.0,0.3,1.1,
Isaiah Roby,PF,24,SAS,28,1,11.0,1.6,3.5,0.449,0.5,1.5,0.333,1.1,2.0,0.536,0.52,0.4,0.8,0.435,0.4,2.0,2.4,1.1,0.4,0.2,0.6,1.2,4.0,Below mean
Isaiah Stewart,C,21,DET,30,30,28.2,4.0,8.5,0.467,1.6,4.2,0.373,2.4,4.3,0.558,0.559,2.2,3.0,0.742,2.1,5.8,7.8,1.2,0.3,0.7,1.3,2.7,11.7,Below mean
Isaiah Todd,PF,21,WAS,4,0,3.3,0.3,1.0,0.25,0.0,0.8,0.0,0.3,0.3,1.0,0.25,0.0,0.0,,0.0,0.0,0.0,0.0,0.0,0.0,0.0,0.0,0.5,Below mean
Ish Smith,PG,34,DEN,15,0,9.6,1.3,3.3,0.4,0.1,0.4,0.333,1.2,2.9,0.409,0.42,0.1,0.1,0.5,0.1,0.9,1.0,2.0,0.3,0.4,1.0,0.7,2.9,Below mean
Ish Wainright,SF,28,PHO,19,1,13.7,1.1,3.0,0.368,0.8,2.2,0.357,0.3,0.8,0.4,0.5,0.2,0.4,0.571,1.2,1.1,2.2,0.9,0.5,0.3,0.3,1.7,3.2,
Ivica Zubac,C,25,LAC,34,34,29.9,4.0,6.4,0.622,0.0,0.0,0.0,4.0,6.4,0.625,0.622,2.3,3.3,0.69,3.5,7.5,11.0,1.1,0.4,1.5,2.1,3.1,10.2,Above mean
JD Davison,PG,20,BOS,3,0,2.7,0.3,1.3,0.25,0.0,0.7,0.0,0.3,0.7,0.5,0.25,0.0,0.0,,0.0,0.3,0.3,0.3,0.3,0.0,0.3,0.0,0.7,
JT Thor,PF,20,CHO,22,0,10.3,0.9,2.5,0.352,0.2,1.3,0.179,0.6,1.2,0.538,0.398,0.5,0.7,0.733,0.5,1.2,1.7,0.5,0.3,0.2,0.5,0.7,2.5,Below mean
Ja Morant,PG,23,MEM,28,28,32.4,9.4,20.9,0.45,1.8,5.3,0.329,7.6,15.6,0.491,0.491,6.5,8.8,0.744,1.3,5.0,6.3,7.8,1.0,0.2,3.7,1.9,27.1,Above mean
JaMychal Green,PF,32,GSW,28,1,14.9,2.3,4.5,0.512,0.5,1.8,0.265,1.8,2.7,0.671,0.564,0.8,1.1,0.733,1.4,2.6,4.0,0.8,0.5,0.4,1.1,2.0,5.8,Above mean
JaMychal Green,PF,32,GSW,28,1,14.9,2.3,4.5,0.512,0.5,1.8,0.265,1.8,2.7,0.671,0.564,0.8,1.1,0.733,1.4,2.6,4.0,0.8,0.5,0.4,1.1,2.0,5.8,Above mean
JaVale McGee,C,35,DAL,22,7,8.4,1.8,2.9,0.625,0.0,0.2,0.25,1.8,2.7,0.65,0.633,0.6,1.1,0.542,0.7,1.7,2.4,0.2,0.1,0.5,0.9,1.1,4.3,Below mean
Jabari Smith Jr.,PF,19,HOU,33,33,30.3,4.2,11.0,0.383,2.0,5.8,0.337,2.2,5.2,0.435,0.472,1.7,2.0,0.833,1.3,5.9,7.2,0.8,0.5,1.0,1.4,3.1,12.1,Below mean
Jabari Walker,SF,20,POR,18,0,7.3,0.7,1.8,0.375,0.2,0.6,0.273,0.5,1.2,0.429,0.422,0.2,0.3,0.667,0.5,1.3,1.8,0.6,0.1,0.2,0.3,0.8,1.7,Below mean
Jack White,SF,25,DEN,8,0,3.3,0.1,0.8,0.167,0.0,0.3,0.0,0.1,0.5,0.25,0.167,0.0,0.0,,0.3,0.4,0.6,0.0,0.1,0.3,0.0,0.5,0.3,
Jaden Hardy,SG,20,DAL,10,0,6.5,1.4,4.1,0.341,0.1,1.2,0.083,1.3,2.9,0.448,0.354,0.9,0.9,1.0,0.0,0.8,0.8,0.3,0.1,0.2,0.3,0.9,3.8,Below mean
Jaden Ivey,SG,20,DET,33,32,30.2,5.3,12.9,0.412,1.3,4.2,0.314,4.0,8.6,0.46,0.464,3.4,4.6,0.725,1.1,3.1,4.2,4.0,1.1,0.3,2.6,2.9,15.3,Below mean
Jaden McDaniels,PF,22,MIN,32,32,30.8,4.6,8.6,0.531,1.2,3.1,0.38,3.4,5.5,0.617,0.6,1.2,1.6,0.76,1.3,2.4,3.7,1.7,1.1,1.2,1.5,3.5,11.5,Below mean
Jaden Springer,PG,20,PHI,4,0,2.8,0.5,1.3,0.4,0.0,0.0,,0.5,1.3,0.4,0.4,0.3,0.5,0.5,0.3,0.5,0.8,0.0,0.0,0.5,0.3,0.5,1.3,Below mean
JaeSean Tate,SF,27,HOU,3,2,22.7,3.3,6.7,0.5,0.7,1.7,0.4,2.7,5.0,0.533,0.55,1.0,1.3,0.75,2.7,1.7,4.3,3.3,1.0,0.0,1.7,5.0,8.3,Below mean
Jake LaRavia,PF,21,MEM,21,0,15.5,1.4,3.5,0.411,0.9,2.4,0.373,0.5,1.0,0.5,0.541,0.3,0.3,0.857,0.8,1.8,2.6,0.9,0.5,0.1,0.7,1.8,4.0,Below mean
Jakob Poeltl,C,27,SAS,26,26,26.2,5.4,8.2,0.657,0.0,0.0,,5.4,8.2,0.657,0.657,1.4,2.7,0.536,3.3,5.7,8.9,2.9,0.9,1.1,2.2,2.5,12.2,Below mean
Jalen Brunson,PG,26,NYK,34,34,32.5,7.3,15.8,0.46,1.5,4.2,0.366,5.7,11.6,0.494,0.508,4.1,4.8,0.87,0.4,2.8,3.2,6.6,1.1,0.1,2.0,2.4,20.2,Above mean
Jalen Duren,C,19,DET,34,10,24.3,3.2,5.1,0.629,0.0,0.0,0.0,3.2,5.1,0.632,0.629,1.1,2.0,0.567,3.4,5.2,8.6,0.9,0.6,0.8,1.2,2.6,7.6,Below mean
Jalen Green,SG,20,HOU,34,34,34.5,7.4,17.6,0.417,2.3,7.2,0.317,5.1,10.4,0.487,0.482,4.6,5.8,0.796,0.6,3.8,4.4,3.6,0.8,0.2,2.9,1.6,21.6,Below mean
Jalen Johnson,SF,21,ATL,33,6,15.9,2.0,4.5,0.439,0.3,1.6,0.212,1.6,2.9,0.563,0.476,0.7,1.0,0.719,0.6,3.1,3.7,1.1,0.5,0.5,0.5,1.8,5.0,Below mean
Jalen McDaniels,SF,25,CHO,35,10,26.0,3.8,8.5,0.45,1.3,3.5,0.364,2.6,5.1,0.508,0.523,1.7,1.9,0.894,0.9,3.7,4.6,2.2,1.0,0.5,1.3,3.0,10.6,Below mean
Jalen Smith,PF,22,IND,34,27,21.0,3.8,8.4,0.446,1.0,3.7,0.278,2.7,4.7,0.578,0.507,1.6,2.1,0.771,1.7,4.7,6.4,1.0,0.3,1.0,1.2,2.2,10.1,Below mean
Jalen Suggs,PG,21,ORL,14,13,28.9,4.6,11.1,0.419,1.4,4.9,0.294,3.2,6.2,0.517,0.484,1.6,2.5,0.657,1.1,2.2,3.3,5.4,1.6,0.6,3.4,3.1,12.4,Below mean
Jalen Williams,SG,21,OKC,30,17,27.4,4.5,8.8,0.51,0.7,2.5,0.27,3.8,6.3,0.603,0.548,1.5,2.0,0.75,0.7,2.9,3.6,2.7,0.6,0.4,1.6,2.6,11.1,Below mean
Jamal Cain,SF,23,MIA,9,0,11.2,1.8,3.3,0.533,0.1,0.7,0.167,1.7,2.7,0.625,0.55,0.6,0.9,0.625,0.8,1.6,2.3,0.6,0.6,0.0,0.2,1.1,4.2,
Jamal Murray,PG,25,DEN,28,28,31.8,6.7,15.3,0.438,2.0,5.6,0.359,4.7,9.8,0.484,0.503,2.9,3.7,0.786,0.5,3.4,3.9,5.7,1.0,0.2,2.1,1.3,18.3,Above mean
James Bouknight,SG,22,CHO,23,0,14.8,1.7,5.2,0.336,0.7,2.7,0.258,1.0,2.5,0.421,0.403,0.7,1.0,0.682,0.2,1.9,2.1,1.2,0.5,0.2,0.8,1.3,4.8,Below mean
James Harden,SG,33,PHI,19,19,38.2,6.7,15.6,0.432,2.7,7.4,0.364,4.1,8.2,0.494,0.519,5.8,6.6,0.881,0.5,6.0,6.5,11.2,1.5,0.6,3.7,2.2,22.0,Above mean
James Johnson,PF,35,IND,9,0,7.9,0.8,2.1,0.368,0.1,0.8,0.143,0.7,1.3,0.5,0.395,0.0,0.0,,0.0,0.9,0.9,0.6,0.1,0.3,0.2,1.9,1.7,Below mean
James Wiseman,C,21,GSW,19,0,12.7,2.8,4.6,0.609,0.1,0.1,0.5,2.7,4.5,0.612,0.615,1.2,1.8,0.657,0.9,2.7,3.6,0.7,0.1,0.4,0.7,1.9,6.8,Below mean
Jaren Jackson Jr.,C,23,MEM,17,17,25.1,5.5,11.1,0.492,1.5,4.4,0.347,3.9,6.7,0.588,0.561,3.5,4.5,0.766,1.9,4.2,6.1,0.6,1.1,3.1,1.5,2.9,15.9,Above mean
Jarred Vanderbilt,PF,23,UTA,35,33,25.0,3.5,6.1,0.568,0.4,1.1,0.375,3.0,4.9,0.613,0.603,1.1,1.5,0.685,2.5,5.5,8.0,2.8,1.2,0.3,1.5,2.7,8.4,Below mean
Jarrett Allen,C,24,CLE,28,28,33.3,5.5,8.9,0.621,0.0,0.1,0.0,5.5,8.7,0.631,0.621,2.9,3.9,0.734,3.0,7.1,10.1,1.5,0.8,1.2,1.5,2.3,13.9,Above mean
Jarrett Culver,SG,23,ATL,10,1,13.7,1.7,4.3,0.395,0.1,1.2,0.083,1.6,3.1,0.516,0.407,0.9,1.3,0.692,1.0,2.8,3.8,0.6,0.6,0.2,0.7,1.4,4.4,
Jason Preston,PG,23,LAC,5,0,8.8,1.2,3.2,0.375,0.4,1.6,0.25,0.8,1.6,0.5,0.438,0.0,0.4,0.0,0.2,0.8,1.0,1.6,0.0,0.0,0.8,0.8,2.8,Below mean
Javonte Green,SG,29,CHI,26,1,16.2,2.2,3.8,0.576,0.5,1.2,0.375,1.7,2.6,0.672,0.636,1.0,1.5,0.684,0.9,2.1,3.0,0.8,0.8,0.7,0.7,1.7,5.8,Below mean
Jaxson Hayes,C,22,NOP,14,1,11.5,1.4,2.8,0.513,0.1,0.9,0.077,1.4,1.9,0.731,0.526,1.0,1.5,0.667,0.5,2.2,2.7,0.8,0.2,0.4,0.6,0.9,3.9,Below mean
Jaylen Brown,SF,26,BOS,33,33,35.9,10.1,20.4,0.493,2.6,7.5,0.341,7.5,12.9,0.581,0.556,4.3,5.4,0.797,1.2,6.1,7.2,3.4,1.2,0.5,3.2,2.7,27.0,Above mean
Jaylen Nowell,SG,23,MIN,35,0,20.1,4.5,10.5,0.427,1.2,4.0,0.302,3.3,6.5,0.502,0.484,1.2,1.6,0.782,0.7,2.1,2.9,2.2,0.6,0.1,0.9,1.6,11.4,Below mean
Jaylin Williams,PF,20,OKC,7,0,8.7,1.1,2.6,0.444,0.1,0.7,0.2,1.0,1.9,0.538,0.472,0.6,0.9,0.667,0.9,1.4,2.3,1.0,0.4,0.0,0.3,1.4,3.0,Below mean
Jayson Tatum,PF,24,BOS,33,33,37.0,10.2,21.4,0.477,3.3,9.3,0.357,6.9,12.1,0.569,0.554,7.3,8.5,0.867,1.1,6.9,8.1,4.1,1.2,0.9,2.7,2.2,31.1,Above mean
Jeff Dowtin,PG,25,TOR,9,0,7.4,1.0,2.0,0.5,0.1,0.4,0.25,0.9,1.6,0.571,0.528,0.1,0.1,1.0,0.4,0.7,1.1,0.9,0.0,0.1,0.1,0.4,2.2,
Jeff Green,PF,36,DEN,24,3,19.3,2.8,5.4,0.527,0.3,1.3,0.267,2.5,4.1,0.606,0.558,1.5,2.1,0.686,0.9,1.9,2.8,1.1,0.4,0.3,1.0,1.8,7.5,Below mean
Jerami Grant,PF,28,POR,32,32,36.0,7.4,15.3,0.484,2.7,5.9,0.45,4.7,9.3,0.505,0.571,4.7,6.0,0.785,1.0,3.4,4.4,2.8,0.8,0.8,1.9,2.3,22.1,Above mean
Jeremiah Robinson-Earl,PF,22,OKC,26,18,21.1,3.3,6.7,0.489,1.1,2.9,0.382,2.2,3.8,0.571,0.572,0.8,1.1,0.786,2.0,3.0,5.0,1.0,0.7,0.4,0.6,1.9,8.5,Below mean
Jeremy Sochan,PF,19,SAS,28,25,24.8,3.7,8.0,0.458,0.4,2.1,0.19,3.3,6.0,0.551,0.482,0.8,1.5,0.537,1.6,3.1,4.7,2.5,0.8,0.5,1.5,2.5,8.5,Below mean
Jericho Sims,C,24,NYK,27,2,12.6,1.7,2.2,0.783,0.0,0.0,,1.7,2.2,0.783,0.783,0.3,0.4,0.8,1.9,2.4,4.3,0.3,0.2,0.6,0.4,1.8,3.8,Below mean
Jevon Carter,PG,27,MIL,34,26,25.2,2.8,6.8,0.417,1.4,3.4,0.393,1.5,3.3,0.442,0.517,0.5,0.6,0.857,0.6,2.2,2.8,3.0,1.3,0.5,1.3,2.1,7.5,Below mean
Jevon Carter,PG,27,MIL,34,26,25.2,2.8,6.8,0.417,1.4,3.4,0.393,1.5,3.3,0.442,0.517,0.5,0.6,0.857,0.6,2.2,2.8,3.0,1.3,0.5,1.3,2.1,7.5,Below mean
Jimmy Butler,SF,33,MIA,22,22,34.8,7.5,14.0,0.534,0.7,2.1,0.34,6.8,11.9,0.569,0.56,6.3,7.6,0.826,2.0,4.6,6.7,5.7,2.0,0.4,1.8,1.5,22.0,Above mean
Jock Landale,C,27,PHO,30,2,14.0,2.4,4.7,0.511,0.3,1.4,0.214,2.1,3.3,0.636,0.543,1.6,1.9,0.81,1.6,2.0,3.7,0.8,0.2,0.6,0.8,1.9,6.7,Below mean
Joe Harris,SG,31,BRK,29,18,25.7,3.1,7.3,0.425,1.9,5.0,0.382,1.2,2.3,0.515,0.554,0.4,0.6,0.706,0.4,2.4,2.8,1.7,0.6,0.3,0.6,2.5,8.5,Above mean
Joe Ingles,SF,35,MIL,5,0,17.6,1.2,5.0,0.24,0.8,4.2,0.19,0.4,0.8,0.5,0.32,0.6,0.6,1.0,0.4,1.0,1.4,1.4,0.4,0.0,2.0,1.4,3.8,Below mean
Joel Embiid,C,28,PHI,25,25,35.8,11.2,21.2,0.529,1.1,3.2,0.338,10.1,18.0,0.563,0.555,10.2,12.0,0.853,1.8,7.9,9.7,4.3,1.2,1.6,3.8,3.3,33.7,Above mean
John Butler,C,20,POR,4,0,3.8,0.3,0.8,0.333,0.0,0.5,0.0,0.3,0.3,1.0,0.333,0.0,0.0,,0.3,0.3,0.5,0.3,0.0,0.3,0.0,0.0,0.5,
John Collins,PF,25,ATL,27,27,30.6,4.9,9.9,0.496,0.7,3.1,0.235,4.2,6.8,0.617,0.534,2.1,2.6,0.812,1.1,6.6,7.7,1.3,0.8,1.3,1.2,3.2,12.7,Above mean
John Konchar,SG,26,MEM,31,20,25.8,2.7,6.0,0.452,1.3,3.5,0.38,1.4,2.5,0.551,0.562,0.5,0.6,0.842,1.0,4.5,5.6,1.5,1.1,0.3,0.6,1.6,7.3,Below mean
John Wall,PG,32,LAC,27,3,22.6,4.3,10.4,0.411,1.0,3.5,0.287,3.3,6.9,0.473,0.459,2.5,3.7,0.673,0.4,2.3,2.7,5.4,0.9,0.3,2.5,1.6,12.0,Above mean
John Wall,PG,32,LAC,27,3,22.6,4.3,10.4,0.411,1.0,3.5,0.287,3.3,6.9,0.473,0.459,2.5,3.7,0.673,0.4,2.3,2.7,5.4,0.9,0.3,2.5,1.6,12.0,Above mean
Johnny Davis,SG,20,WAS,10,0,5.0,0.4,1.3,0.308,0.0,0.3,0.0,0.4,1.0,0.4,0.308,0.3,0.3,1.0,0.1,0.6,0.7,0.2,0.0,0.1,0.1,1.2,1.1,Below mean
Jonas Valanciunas,C,30,NOP,34,34,24.2,5.4,10.3,0.521,0.6,1.9,0.344,4.7,8.4,0.561,0.553,2.4,2.9,0.845,2.9,6.5,9.4,1.9,0.4,0.4,1.9,2.9,13.8,Above mean
Jonathan Kuminga,PF,20,GSW,32,4,18.4,2.8,6.0,0.471,0.5,1.9,0.267,2.3,4.1,0.565,0.513,1.4,2.0,0.677,1.1,2.2,3.3,1.6,0.5,0.4,1.5,2.3,7.5,Below mean
Jordan Clarkson,SG,30,UTA,36,36,32.4,7.3,16.8,0.438,2.7,7.6,0.356,4.6,9.1,0.506,0.519,2.9,3.6,0.822,1.1,2.8,3.9,4.4,0.4,0.3,2.8,1.9,20.3,Above mean
Jordan Goodwin,PG,24,WAS,27,3,20.9,3.0,6.2,0.476,0.7,1.9,0.4,2.2,4.4,0.508,0.536,0.9,1.2,0.727,1.1,2.9,4.0,3.0,1.1,0.6,1.0,1.9,7.6,
Jordan Hall,SF,21,SAS,9,0,9.2,1.0,3.1,0.321,0.3,1.7,0.2,0.7,1.4,0.462,0.375,0.8,1.0,0.778,0.3,1.0,1.3,1.2,0.1,0.0,0.8,0.7,3.1,
Jordan McLaughlin,PG,26,MIN,18,0,15.9,1.6,3.7,0.424,0.4,1.9,0.235,1.1,1.8,0.625,0.485,0.5,0.5,1.0,0.4,1.3,1.7,3.6,0.8,0.1,0.8,0.4,4.1,Below mean
Jordan Nwora,SF,24,MIL,26,3,16.6,2.0,5.5,0.368,1.0,2.8,0.365,1.0,2.7,0.371,0.462,1.1,1.3,0.848,0.8,2.3,3.1,1.0,0.3,0.1,0.9,0.8,6.2,Below mean
Jordan Poole,SG,23,GSW,36,17,29.1,6.7,15.7,0.427,2.4,7.8,0.309,4.3,7.9,0.544,0.504,3.9,4.6,0.866,0.3,1.9,2.2,4.3,0.7,0.3,3.4,2.3,19.8,Below mean
Jordan Schakel,SF,24,WAS,2,0,3.0,0.5,1.0,0.5,0.5,0.5,1.0,0.0,0.5,0.0,0.75,0.0,0.0,,0.0,0.0,0.0,0.5,0.5,0.0,0.0,0.5,1.5,
Jose Alvarado,PG,24,NOP,33,7,20.7,3.3,7.8,0.424,1.5,4.2,0.35,1.8,3.6,0.508,0.518,1.0,1.4,0.739,0.5,1.8,2.3,3.0,1.3,0.1,1.4,2.2,9.1,Below mean
Josh Christopher,SG,21,HOU,20,0,6.9,1.1,2.7,0.415,0.2,0.7,0.214,1.0,2.0,0.487,0.443,0.3,0.4,0.75,0.3,0.8,1.1,0.6,0.3,0.1,0.6,0.7,2.7,Below mean
Josh Giddey,SG,20,OKC,29,29,30.7,6.3,13.6,0.462,1.0,3.0,0.337,5.3,10.6,0.497,0.499,1.0,1.4,0.725,1.8,6.3,8.1,5.6,0.7,0.5,3.2,2.0,14.6,Below mean
Josh Green,SG,22,DAL,25,1,20.3,2.4,4.1,0.583,1.0,2.2,0.444,1.4,2.0,0.735,0.699,1.3,1.8,0.711,0.9,1.4,2.3,1.2,0.9,0.0,0.7,2.5,7.0,Below mean
Josh Hart,SG,27,POR,32,32,34.6,3.7,7.3,0.511,0.7,2.0,0.349,3.0,5.3,0.571,0.558,1.8,2.3,0.767,2.0,6.5,8.5,3.9,1.3,0.1,1.7,2.7,9.9,Above mean
Josh Minott,SF,20,MIN,6,0,2.5,0.5,0.8,0.6,0.0,0.2,0.0,0.5,0.7,0.75,0.6,0.7,0.7,1.0,0.3,0.2,0.5,0.3,0.2,0.2,0.0,0.2,1.7,Below mean
Josh Okogie,SG,24,PHO,31,0,11.8,1.5,3.6,0.398,0.4,1.5,0.25,1.1,2.1,0.508,0.451,1.1,1.5,0.745,1.4,1.6,3.0,1.1,0.6,0.4,0.7,1.4,4.4,Below mean
Josh Richardson,SG,29,SAS,24,3,23.1,3.7,9.2,0.4,1.8,5.0,0.353,1.9,4.2,0.455,0.495,1.5,1.8,0.857,0.5,1.8,2.3,2.8,0.8,0.1,1.7,1.7,10.6,Above mean
Joshua Primo,SG,20,SAS,4,0,23.3,2.3,6.5,0.346,0.8,3.0,0.25,1.5,3.5,0.429,0.404,1.8,2.3,0.778,0.5,2.8,3.3,4.5,0.3,0.5,2.8,2.0,7.0,Below mean
Jrue Holiday,PG,32,MIL,26,25,33.1,7.0,15.5,0.453,2.2,6.1,0.365,4.8,9.4,0.51,0.525,2.6,2.9,0.893,1.3,4.0,5.3,7.5,1.5,0.5,3.3,2.0,18.9,Above mean
Juan Toscano-Anderson,SF,29,LAL,15,1,10.6,0.8,1.9,0.414,0.1,0.7,0.182,0.7,1.2,0.556,0.448,0.3,0.5,0.714,0.3,1.9,2.1,0.7,0.2,0.2,0.6,1.3,2.1,Below mean
Juancho Hernangómez,PF,27,TOR,23,9,18.9,1.8,3.7,0.477,0.6,2.1,0.292,1.2,1.7,0.711,0.558,0.2,0.5,0.455,1.0,3.0,3.9,0.7,0.5,0.2,0.6,1.3,4.4,Below mean
Julian Champagnie,SF,21,PHI,2,0,3.5,0.0,1.0,0.0,0.0,0.5,0.0,0.0,0.5,0.0,0.0,0.0,0.0,,0.0,0.0,0.0,0.0,0.5,0.0,0.0,0.0,0.0,
Julius Randle,PF,28,NYK,35,35,34.5,7.9,16.9,0.468,2.5,7.2,0.341,5.4,9.7,0.562,0.541,5.0,6.6,0.765,2.0,7.7,9.6,3.6,0.7,0.3,2.6,3.1,23.3,Above mean
Justin Champagnie,SF,21,TOR,3,0,3.7,1.0,1.0,1.0,0.0,0.0,,1.0,1.0,1.0,1.0,0.0,0.0,,0.3,1.0,1.3,0.3,0.0,0.0,0.0,0.3,2.0,Below mean
Justin Holiday,SG,33,ATL,26,0,15.4,1.8,4.7,0.38,1.1,3.2,0.345,0.7,1.4,0.459,0.5,0.0,0.0,,0.1,0.8,0.8,0.9,0.2,0.4,0.5,1.3,4.7,Below mean
Justin Jackson,SF,27,BOS,14,0,4.6,0.2,1.0,0.214,0.2,0.9,0.25,0.0,0.1,0.0,0.321,0.0,0.0,,0.0,0.5,0.5,0.3,0.1,0.1,0.1,0.3,0.6,Below mean
Justise Winslow,SF,26,POR,29,11,26.8,2.8,6.8,0.409,0.5,1.6,0.311,2.3,5.3,0.438,0.444,0.7,1.0,0.714,1.7,3.3,5.0,3.4,1.0,0.4,1.5,3.1,6.8,Below mean
Jusuf Nurkić,C,28,POR,30,30,28.8,5.5,10.2,0.541,0.9,1.9,0.464,4.6,8.3,0.558,0.584,2.9,4.3,0.68,2.5,7.4,9.9,3.0,0.8,1.0,2.4,3.5,14.8,Above mean
KZ Okpala,PF,23,SAC,22,3,8.2,0.6,1.3,0.464,0.2,0.6,0.385,0.4,0.7,0.533,0.554,0.3,0.3,1.0,0.3,1.0,1.3,0.5,0.2,0.3,0.2,1.2,1.7,Below mean
Kai Jones,C,22,CHO,22,0,9.9,1.2,2.5,0.5,0.1,0.5,0.273,1.1,2.0,0.558,0.528,0.4,0.5,0.727,0.9,1.4,2.2,0.2,0.2,0.5,0.4,1.4,3.0,Below mean
Karl-Anthony Towns,PF,27,MIN,21,21,33.8,7.3,14.4,0.505,1.8,5.6,0.325,5.5,8.9,0.618,0.568,4.4,5.0,0.885,1.7,6.5,8.2,5.3,0.8,0.7,3.1,3.9,20.8,Above mean
Kawhi Leonard,SF,31,LAC,14,12,27.9,6.1,13.4,0.46,0.9,3.6,0.255,5.2,9.7,0.537,0.495,3.0,4.0,0.75,1.1,4.9,6.0,3.8,0.9,0.3,1.4,1.4,16.2,Above mean
Keegan Murray,SF,22,SAC,31,29,28.6,4.2,9.9,0.422,2.3,5.9,0.38,1.9,4.0,0.484,0.536,1.0,1.3,0.78,0.8,2.9,3.7,0.8,0.8,0.6,1.1,2.0,11.7,Below mean
Keita Bates-Diop,SF,27,SAS,27,10,18.4,3.0,5.8,0.522,0.5,1.4,0.351,2.6,4.4,0.575,0.564,1.3,1.6,0.81,1.2,1.8,3.0,0.8,0.7,0.1,0.8,0.9,7.8,Below mean
Keldon Johnson,SF,23,SAS,30,30,32.6,7.4,17.9,0.415,2.5,7.4,0.342,4.9,10.5,0.467,0.486,3.5,4.8,0.727,0.9,4.1,5.0,3.0,0.8,0.1,2.3,1.9,20.9,Below mean
Kelly Olynyk,PF,31,UTA,33,33,28.5,4.3,8.2,0.52,1.5,3.5,0.431,2.8,4.7,0.587,0.613,2.8,3.3,0.835,1.2,3.8,5.0,3.2,1.1,0.6,2.3,3.9,12.8,Above mean
Kelly Oubre Jr.,SF,27,CHO,34,30,33.2,7.7,18.1,0.424,2.4,7.6,0.311,5.3,10.5,0.506,0.489,2.9,4.1,0.71,1.5,3.7,5.2,1.2,1.6,0.4,1.3,3.0,20.6,Above mean
Kemba Walker,PG,32,DAL,6,1,20.7,3.5,8.5,0.412,1.0,4.2,0.24,2.5,4.3,0.577,0.471,2.8,3.5,0.81,0.5,2.2,2.7,2.8,0.0,0.3,0.7,1.7,10.8,Above mean
Kemba Walker,PG,32,DAL,6,1,20.7,3.5,8.5,0.412,1.0,4.2,0.24,2.5,4.3,0.577,0.471,2.8,3.5,0.81,0.5,2.2,2.7,2.8,0.0,0.3,0.7,1.7,10.8,Above mean
Kemba Walker,PG,32,DAL,6,1,20.7,3.5,8.5,0.412,1.0,4.2,0.24,2.5,4.3,0.577,0.471,2.8,3.5,0.81,0.5,2.2,2.7,2.8,0.0,0.3,0.7,1.7,10.8,Above mean
Kendall Brown,SG,19,IND,6,0,6.7,0.7,1.2,0.571,0.0,0.2,0.0,0.7,1.0,0.667,0.571,0.2,0.3,0.5,0.3,0.7,1.0,0.5,0.7,0.0,0.3,1.5,1.5,
Kendrick Nunn,PG,27,LAL,28,2,11.6,2.0,5.5,0.364,0.8,2.7,0.307,1.2,2.8,0.418,0.438,0.4,0.5,0.923,0.0,1.0,1.1,0.9,0.2,0.0,1.0,0.8,5.3,Below mean
Kennedy Chandler,PG,20,MEM,15,0,10.3,1.3,3.4,0.392,0.1,0.8,0.167,1.2,2.6,0.462,0.412,0.3,0.6,0.444,0.2,1.3,1.5,2.3,0.5,0.3,0.9,0.5,3.1,Below mean
Kenneth Lofton Jr.,PF,20,MEM,5,0,4.6,1.4,2.8,0.5,0.0,0.2,0.0,1.4,2.6,0.538,0.5,0.2,0.6,0.333,0.2,0.6,0.8,0.8,0.0,0.0,0.2,0.6,3.0,
Kenrich Williams,PF,28,OKC,26,3,21.5,3.0,5.7,0.531,0.8,2.0,0.385,2.2,3.7,0.611,0.599,0.4,0.8,0.455,1.7,2.5,4.2,1.5,0.7,0.2,0.4,2.0,7.2,Below mean
Kentavious Caldwell-Pope,SG,29,DEN,33,33,31.6,4.1,8.7,0.465,2.1,4.5,0.456,2.0,4.2,0.475,0.583,1.2,1.4,0.809,0.5,2.6,3.1,2.2,1.2,0.4,1.2,2.1,11.3,Above mean
Kenyon Martin Jr.,SF,22,HOU,34,8,24.5,4.3,7.7,0.553,0.9,2.7,0.312,3.4,5.0,0.686,0.609,1.5,2.3,0.662,1.4,3.5,4.9,1.4,0.4,0.3,1.1,1.6,10.9,Below mean
Keon Ellis,SG,23,SAC,3,0,3.0,0.0,0.3,0.0,0.0,0.3,0.0,0.0,0.0,,0.0,0.0,0.0,,0.0,0.7,0.7,0.3,0.0,0.0,0.0,0.7,0.0,
Keon Johnson,SG,20,POR,15,0,13.8,2.4,6.2,0.387,1.1,3.2,0.333,1.3,3.0,0.444,0.473,0.3,0.7,0.455,0.4,1.5,1.9,1.3,0.6,0.3,1.6,1.2,6.2,Below mean
Kessler Edwards,SF,22,BRK,13,1,5.7,0.5,1.7,0.273,0.2,0.8,0.182,0.3,0.8,0.364,0.318,0.1,0.2,0.5,0.5,0.6,1.1,0.2,0.2,0.1,0.3,0.2,1.2,Below mean
Kevin Durant,PF,34,BRK,34,34,36.4,10.6,19.0,0.56,1.8,4.8,0.37,8.9,14.2,0.624,0.607,6.8,7.4,0.928,0.4,6.6,6.9,5.4,0.8,1.5,3.5,2.5,29.9,Above mean
Kevin Huerter,SG,24,SAC,32,32,31.3,5.4,11.4,0.475,2.8,6.9,0.414,2.6,4.5,0.569,0.6,1.6,2.3,0.694,0.6,2.6,3.2,2.8,1.1,0.3,1.6,2.6,15.2,Above mean
Kevin Knox,SF,23,DET,30,0,14.0,2.0,4.4,0.455,1.0,2.9,0.36,1.0,1.5,0.63,0.572,0.6,0.8,0.783,0.5,1.9,2.4,0.4,0.4,0.3,0.6,1.8,5.6,Below mean
Kevin Love,PF,34,CLE,27,1,19.8,2.8,6.8,0.413,1.9,4.9,0.389,0.9,2.0,0.472,0.552,1.5,1.7,0.872,0.8,6.1,6.9,2.1,0.1,0.2,1.2,1.5,9.0,Above mean
Kevin Porter Jr.,PG,22,HOU,33,33,34.3,6.8,15.7,0.432,2.0,6.0,0.327,4.8,9.7,0.498,0.495,3.8,4.9,0.767,1.5,4.0,5.5,5.7,1.4,0.4,3.7,2.9,19.3,Below mean
Kevon Harris,SG,25,ORL,25,0,12.0,1.1,2.8,0.4,0.4,1.0,0.423,0.7,1.8,0.386,0.479,0.9,1.0,0.846,0.8,1.1,2.0,0.4,0.4,0.1,0.6,1.3,3.6,
Kevon Looney,C,26,GSW,36,36,22.8,2.8,4.3,0.639,0.0,0.0,,2.8,4.3,0.639,0.639,1.0,1.6,0.638,2.5,5.3,7.8,2.9,0.4,0.6,0.4,2.8,6.5,Below mean
Khem Birch,C,30,TOR,19,0,7.9,0.9,1.6,0.581,0.1,0.1,0.5,0.9,1.5,0.586,0.597,0.2,0.3,0.8,0.4,0.8,1.3,0.4,0.3,0.3,0.3,1.1,2.2,Below mean
Khris Middleton,SF,31,MIL,7,7,24.4,3.6,11.0,0.325,1.6,5.9,0.268,2.0,5.1,0.389,0.396,2.4,2.7,0.895,0.1,2.4,2.6,4.4,0.6,0.1,1.6,2.6,11.1,Above mean
Killian Hayes,PG,21,DET,37,24,25.5,3.6,9.5,0.381,1.1,3.4,0.323,2.5,6.2,0.412,0.438,0.8,1.0,0.806,0.4,2.5,2.9,5.3,1.1,0.4,1.8,3.0,9.1,Below mean
Kira Lewis Jr.,PG,21,NOP,2,0,11.5,2.0,5.5,0.364,0.5,1.5,0.333,1.5,4.0,0.375,0.409,1.0,1.0,1.0,0.0,1.0,1.0,0.5,0.5,0.0,0.0,2.0,5.5,Below mean
Klay Thompson,SG,32,GSW,28,28,31.4,6.7,16.9,0.397,3.7,9.8,0.375,3.0,7.1,0.429,0.506,1.6,1.8,0.88,0.6,3.2,3.8,2.5,0.7,0.5,1.8,1.9,18.7,Above mean
Kristaps Porzingis,PF,27,WAS,32,32,32.9,7.3,15.6,0.47,1.8,5.4,0.333,5.5,10.2,0.543,0.528,5.4,6.8,0.798,2.0,6.9,8.9,2.5,1.0,1.5,2.1,3.0,21.9,Above mean
Kyle Anderson,PF,29,MIN,25,10,24.3,2.6,5.5,0.478,0.4,1.2,0.345,2.2,4.4,0.514,0.514,1.6,2.0,0.8,0.5,3.7,4.2,3.4,1.1,0.8,1.4,1.9,7.3,Below mean
Kyle Kuzma,PF,27,WAS,35,35,35.4,8.3,17.7,0.466,2.5,7.5,0.341,5.7,10.3,0.557,0.538,2.6,3.7,0.703,0.9,6.6,7.5,3.6,0.6,0.4,2.7,2.5,21.6,Above mean
Kyle Lowry,PG,36,MIA,30,30,35.9,4.5,11.0,0.41,2.4,6.8,0.358,2.1,4.2,0.496,0.521,3.0,3.5,0.856,0.8,4.0,4.8,6.0,1.1,0.5,2.3,2.8,14.4,Above mean
Kyrie Irving,PG,30,BRK,25,25,36.7,9.6,19.8,0.488,3.0,8.4,0.362,6.6,11.4,0.581,0.565,3.8,4.2,0.913,0.8,4.1,4.9,4.7,0.7,0.9,2.4,2.8,26.1,Above mean
LaMelo Ball,PG,21,CHO,11,11,34.0,8.6,20.7,0.417,4.1,11.2,0.366,4.5,9.5,0.476,0.515,2.1,2.5,0.821,1.1,4.4,5.5,7.5,1.1,0.2,3.2,3.6,23.5,Below mean
Lamar Stevens,PF,25,CLE,19,15,23.3,2.6,6.1,0.435,0.7,2.1,0.333,1.9,4.0,0.487,0.491,0.9,1.3,0.708,0.7,3.3,3.9,0.6,0.5,0.4,0.7,1.4,6.8,Below mean
Landry Shamet,SG,25,PHO,25,2,19.5,3.0,7.6,0.402,2.1,5.4,0.388,1.0,2.2,0.436,0.54,1.2,1.4,0.912,0.3,1.0,1.3,2.0,0.6,0.2,0.9,1.4,9.4,Below mean
Larry Nance Jr.,PF,30,NOP,29,0,22.8,3.7,5.8,0.641,0.3,0.9,0.4,3.3,4.9,0.683,0.671,0.8,1.1,0.727,1.7,3.9,5.6,1.8,1.0,0.8,0.9,2.3,8.6,Below mean
Lauri Markkanen,SF,25,UTA,34,34,33.9,8.1,15.4,0.527,3.1,7.1,0.438,5.0,8.3,0.603,0.627,4.0,4.7,0.844,1.9,6.5,8.4,2.0,0.6,0.6,1.9,2.2,23.2,Above mean
LeBron James,PF,38,LAL,27,27,35.7,10.9,21.9,0.498,2.0,6.9,0.297,8.9,15.1,0.59,0.545,3.9,5.2,0.752,1.2,6.9,8.1,6.6,1.1,0.6,3.1,1.9,27.8,Above mean
Leandro Bolmaro,SG,22,UTA,10,0,5.8,0.3,1.6,0.188,0.0,0.3,0.0,0.3,1.3,0.231,0.188,0.0,0.0,,0.3,0.1,0.4,0.6,0.3,0.1,0.7,0.7,0.6,Below mean
Lindy Waters III,SG,25,OKC,10,0,12.5,1.2,3.3,0.364,1.1,3.1,0.355,0.1,0.2,0.5,0.53,0.1,0.1,1.0,0.3,1.2,1.5,0.7,0.4,0.0,0.3,1.0,3.6,
Lonnie Walker IV,SG,24,LAL,32,32,29.8,5.3,11.7,0.455,2.1,5.4,0.384,3.3,6.3,0.515,0.543,2.0,2.3,0.875,0.3,2.0,2.3,1.4,0.8,0.3,1.0,1.7,14.7,Below mean
Luguentz Dort,SG,23,OKC,33,33,30.6,4.7,11.7,0.402,1.6,5.2,0.314,3.1,6.5,0.472,0.472,2.6,3.5,0.754,1.5,2.8,4.2,2.4,1.0,0.3,1.5,3.2,13.6,Above mean
Luka Doncić,PG,23,DAL,32,32,37.0,11.4,22.5,0.506,2.9,8.1,0.355,8.5,14.4,0.591,0.57,7.9,10.7,0.741,1.0,7.7,8.7,8.8,1.7,0.6,3.8,2.9,33.6,Above mean
Luka Garza,C,24,MIN,7,0,3.7,0.9,1.4,0.6,0.0,0.4,0.0,0.9,1.0,0.857,0.6,0.4,0.6,0.75,0.4,0.7,1.1,0.4,0.0,0.0,0.1,0.7,2.1,
Luke Kennard,SG,26,LAC,24,7,22.5,3.3,6.6,0.5,2.0,4.3,0.476,1.3,2.3,0.545,0.655,0.5,0.6,0.929,0.2,2.5,2.8,1.2,0.6,0.1,0.9,1.4,9.2,Above mean
Luke Kornet,C,27,BOS,30,0,12.4,1.7,2.5,0.667,0.1,0.2,0.333,1.6,2.3,0.696,0.68,0.5,0.6,0.833,1.4,2.0,3.4,0.7,0.2,0.8,0.4,1.4,3.9,Below mean
Malachi Flynn,PG,24,TOR,22,1,15.2,2.5,5.9,0.426,1.5,3.1,0.471,1.0,2.8,0.377,0.55,0.5,0.6,0.846,0.4,1.0,1.4,1.3,0.5,0.1,0.5,1.5,7.0,Below mean
Malaki Branham,SF,19,SAS,20,4,18.2,2.6,5.9,0.441,1.0,3.1,0.323,1.6,2.8,0.571,0.525,0.7,0.8,0.867,0.3,1.3,1.6,1.6,0.4,0.2,1.0,1.4,6.9,Below mean
Malcolm Brogdon,PG,30,BOS,30,0,23.5,4.6,9.7,0.478,1.7,4.0,0.433,2.9,5.7,0.509,0.567,2.3,2.7,0.863,0.8,3.3,4.1,3.8,0.5,0.3,1.8,1.4,13.3,Above mean
Malcolm Hill,SF,27,CHI,3,0,0.3,0.0,0.0,,0.0,0.0,,0.0,0.0,,,0.0,0.0,,0.0,0.3,0.3,0.0,0.0,0.0,0.0,0.0,0.0,
Malik Beasley,SG,26,UTA,37,5,27.2,5.1,12.5,0.41,3.2,8.6,0.374,1.9,3.9,0.49,0.539,0.7,0.9,0.818,0.5,3.1,3.7,1.5,0.9,0.1,1.0,1.4,14.2,Above mean
Malik Monk,SG,24,SAC,33,0,23.4,5.1,11.3,0.453,1.9,5.7,0.335,3.2,5.6,0.573,0.538,2.5,2.7,0.911,0.4,1.9,2.3,3.8,0.7,0.2,2.0,1.6,14.6,Below mean
Mamadi Diakite,PF,26,CLE,11,2,7.5,0.9,1.9,0.476,0.4,1.1,0.333,0.5,0.8,0.667,0.571,0.0,0.0,,0.3,0.7,1.0,0.2,0.2,0.5,0.5,1.0,2.2,
MarJon Beauchamp,SF,22,MIL,23,8,14.6,2.2,5.3,0.413,1.1,3.1,0.366,1.0,2.2,0.48,0.521,0.6,0.8,0.737,0.9,1.7,2.5,0.5,0.5,0.1,1.0,1.6,6.1,Below mean
Marcus Morris,PF,33,LAC,33,33,29.9,5.0,11.2,0.446,2.1,5.5,0.381,2.9,5.7,0.508,0.539,1.4,1.7,0.804,0.5,4.5,5.1,1.7,0.7,0.4,1.0,2.2,13.4,Above mean
Marcus Smart,PG,28,BOS,31,31,33.1,4.0,9.4,0.431,1.8,5.3,0.348,2.2,4.1,0.54,0.529,1.4,1.8,0.782,0.6,2.6,3.3,7.3,1.4,0.4,2.2,2.8,11.3,Above mean
Mark Williams,C,21,CHO,5,0,9.4,2.0,3.2,0.625,0.0,0.0,,2.0,3.2,0.625,0.625,1.2,1.4,0.857,1.0,2.2,3.2,0.4,0.6,0.4,0.6,1.8,5.2,Below mean
Markelle Fultz,SG,24,ORL,15,15,27.0,4.7,10.3,0.455,0.5,1.3,0.4,4.1,8.9,0.463,0.481,1.4,2.1,0.677,1.1,2.8,3.9,5.3,1.5,0.3,2.3,2.4,11.3,Above mean
Markieff Morris,PF,33,BRK,19,1,11.4,1.4,3.2,0.443,1.0,2.1,0.487,0.4,1.2,0.364,0.598,0.3,0.3,1.0,0.5,1.8,2.3,1.0,0.3,0.2,0.6,1.2,4.2,Below mean
Marko Simonovic,C,23,CHI,1,0,2.0,0.0,1.0,0.0,0.0,1.0,0.0,0.0,0.0,,0.0,0.0,0.0,,0.0,0.0,0.0,0.0,0.0,0.0,0.0,0.0,0.0,Below mean
Marvin Bagley III,PF,23,DET,22,13,21.9,4.4,8.0,0.545,0.4,1.3,0.286,4.0,6.7,0.595,0.568,1.6,2.1,0.783,2.1,4.0,6.1,0.6,0.6,0.7,1.0,2.0,10.7,Above mean
Mason Plumlee,C,32,CHO,35,35,27.6,3.9,6.3,0.621,0.0,0.0,,3.9,6.3,0.621,0.621,2.3,4.0,0.579,3.3,5.9,9.2,3.8,0.7,0.7,1.7,3.2,10.1,Below mean
Matisse Thybulle,SG,25,PHI,29,5,11.3,0.9,2.2,0.406,0.4,1.2,0.306,0.5,1.0,0.536,0.492,0.1,0.2,0.5,0.3,0.8,1.1,0.4,0.8,0.2,0.2,1.2,2.3,Below mean
Matt Ryan,SF,25,TOT,19,0,8.4,0.9,3.0,0.316,0.8,2.3,0.372,0.1,0.7,0.143,0.456,0.2,0.3,0.8,0.1,0.8,0.9,0.4,0.2,0.0,0.2,0.8,2.9,
Matthew Dellavedova,PG,32,SAC,14,0,7.1,0.5,1.6,0.304,0.2,0.7,0.3,0.3,0.9,0.308,0.37,0.1,0.2,0.333,0.1,0.3,0.4,1.4,0.4,0.0,0.4,0.9,1.3,Below mean
Max Christie,SG,19,LAL,19,0,12.6,1.0,2.8,0.358,0.7,1.8,0.412,0.3,1.0,0.263,0.491,0.3,0.3,0.833,0.3,2.0,2.3,0.5,0.2,0.1,0.3,0.6,3.0,Below mean
Max Strus,SF,26,MIA,33,19,30.5,4.6,11.6,0.398,2.7,8.1,0.33,2.0,3.5,0.556,0.513,0.9,1.2,0.816,0.5,2.9,3.4,1.8,0.7,0.2,0.9,2.1,12.9,Below mean
Maxi Kleber,C,31,DAL,22,0,25.6,2.3,4.7,0.49,1.1,3.0,0.369,1.2,1.8,0.692,0.606,0.5,0.6,0.786,0.9,2.7,3.5,1.0,0.3,1.0,0.6,2.2,6.2,Below mean
McKinley Wright IV,PG,24,DAL,5,0,7.4,0.8,2.0,0.4,0.0,0.4,0.0,0.8,1.6,0.5,0.4,0.0,0.2,0.0,0.8,0.6,1.4,1.2,0.8,0.2,0.8,1.2,1.6,
Mfiondu Kabengele,PF,25,BOS,1,0,8.0,1.0,2.0,0.5,0.0,1.0,0.0,1.0,1.0,1.0,0.5,0.0,0.0,,3.0,1.0,4.0,0.0,0.0,0.0,0.0,1.0,2.0,
Micah Potter,PF,24,UTA,3,0,4.7,0.7,0.7,1.0,0.0,0.0,,0.7,0.7,1.0,1.0,0.0,0.0,,0.3,0.7,1.0,0.7,0.0,0.0,0.0,0.7,1.3,
Michael Foster Jr.,PF,20,PHI,1,0,1.0,0.0,0.0,,0.0,0.0,,0.0,0.0,,,0.0,0.0,,0.0,0.0,0.0,0.0,0.0,0.0,0.0,0.0,0.0,
Michael Porter Jr.,SF,24,DEN,20,20,29.6,6.2,13.1,0.473,2.9,6.9,0.42,3.3,6.2,0.532,0.584,1.6,2.0,0.775,1.1,5.0,6.1,1.3,0.7,0.5,1.3,2.7,16.9,Above mean
Mikal Bridges,SF,26,PHO,36,36,36.1,5.8,12.7,0.461,1.8,4.6,0.395,4.0,8.0,0.498,0.533,2.1,2.4,0.882,1.0,3.5,4.6,3.1,1.1,0.9,1.3,2.3,15.6,Above mean
Mike Conley,PG,35,UTA,26,25,29.0,3.3,8.7,0.381,1.7,5.0,0.349,1.6,3.7,0.423,0.48,1.3,1.8,0.717,0.4,1.8,2.2,7.5,1.1,0.2,1.6,2.2,9.6,Above mean
Mike Muscala,C,31,OKC,24,1,13.3,2.0,4.3,0.462,1.1,2.9,0.386,0.9,1.4,0.618,0.591,0.8,1.0,0.833,0.5,2.7,3.2,1.0,0.2,0.5,0.3,1.5,6.0,Below mean
Miles McBride,PG,22,NYK,23,0,12.6,1.3,3.6,0.373,0.5,2.3,0.231,0.8,1.3,0.613,0.446,0.4,0.7,0.667,0.2,0.6,0.8,1.3,0.7,0.0,0.3,0.7,3.7,Below mean
Mitchell Robinson,C,24,NYK,27,26,25.7,3.4,4.6,0.736,0.0,0.0,,3.4,4.6,0.736,0.736,1.1,2.0,0.545,4.3,4.5,8.8,1.0,0.7,1.8,0.6,2.9,7.9,Above mean
Mo Bamba,C,24,ORL,30,5,18.9,3.0,5.9,0.503,1.1,2.9,0.379,1.9,3.0,0.622,0.596,1.0,1.5,0.689,1.3,4.1,5.3,1.1,0.3,1.1,0.7,2.3,8.1,Above mean
Monte Morris,PG,27,WAS,31,31,28.7,3.8,8.4,0.452,1.3,3.4,0.381,2.5,5.0,0.5,0.529,1.0,1.3,0.775,0.4,3.0,3.4,5.2,0.8,0.2,0.8,1.6,9.8,Below mean
Montrezl Harrell,C,29,PHI,29,5,11.3,1.7,3.1,0.549,0.0,0.0,0.0,1.7,3.1,0.556,0.549,1.4,1.9,0.714,0.9,1.7,2.7,0.6,0.2,0.4,0.6,1.2,4.8,Below mean
Moritz Wagner,C,25,ORL,18,14,25.4,4.2,8.6,0.494,1.0,3.4,0.295,3.2,5.2,0.624,0.552,3.0,3.3,0.9,1.9,4.7,6.6,2.2,0.9,0.3,1.6,3.1,12.4,Below mean
Moses Brown,C,23,LAC,26,1,6.5,1.3,2.2,0.625,0.0,0.0,,1.3,2.2,0.625,0.625,0.9,1.8,0.489,1.2,1.7,2.9,0.1,0.1,0.4,0.3,0.9,3.6,
Moses Moody,SG,20,GSW,31,3,15.8,1.9,4.1,0.461,1.0,2.5,0.397,0.9,1.6,0.56,0.582,0.7,0.8,0.808,0.4,1.4,1.7,0.8,0.4,0.2,0.7,1.0,5.5,Below mean
Moussa Diabaté,PF,21,LAC,8,1,11.3,1.6,3.0,0.542,0.0,0.0,,1.6,3.0,0.542,0.542,0.9,1.1,0.778,2.5,1.5,4.0,0.3,0.4,0.1,0.6,1.3,4.1,
Myles Turner,C,26,IND,29,29,29.1,5.7,10.5,0.543,1.6,3.8,0.405,4.1,6.7,0.622,0.617,3.3,4.3,0.76,1.4,6.4,7.8,1.4,0.6,2.0,1.7,3.4,16.2,Above mean
Naji Marshall,SF,25,NOP,32,8,23.0,3.1,6.9,0.445,1.0,3.0,0.333,2.1,3.9,0.532,0.518,1.7,2.1,0.818,0.8,2.6,3.4,2.3,0.7,0.3,1.0,1.5,8.8,Below mean
Nassir Little,PF,22,POR,21,0,15.3,2.0,4.3,0.473,0.8,2.0,0.372,1.3,2.3,0.563,0.56,0.7,1.0,0.667,0.3,2.0,2.4,0.9,0.4,0.1,0.7,0.8,5.5,Below mean
Nathan Knight,PF,25,MIN,16,0,4.9,0.9,1.3,0.714,0.1,0.3,0.25,0.9,1.1,0.824,0.738,0.7,0.9,0.733,0.3,0.7,1.0,0.3,0.3,0.1,0.6,0.7,2.6,Below mean
Naz Reid,C,23,MIN,29,3,17.5,4.2,7.4,0.56,1.0,2.6,0.382,3.2,4.8,0.657,0.627,1.2,1.9,0.636,0.9,3.7,4.6,1.0,0.4,0.9,1.2,2.2,10.6,Below mean
Neemias Queta,C,23,SAC,4,0,6.3,1.5,2.0,0.75,0.0,0.0,,1.5,2.0,0.75,0.75,0.0,0.5,0.0,1.0,1.3,2.3,0.3,0.0,0.3,0.3,1.8,3.0,
Nerlens Noel,C,28,DET,7,0,9.0,0.6,1.9,0.308,0.0,0.0,,0.6,1.9,0.308,0.308,0.6,0.9,0.667,0.4,2.3,2.7,0.4,0.9,0.3,0.4,1.3,1.7,Below mean
Nic Claxton,C,23,BRK,32,32,28.1,5.3,7.2,0.743,0.0,0.0,0.0,5.3,7.2,0.747,0.743,1.3,2.7,0.46,2.5,6.0,8.5,1.4,0.8,2.4,1.2,2.8,11.9,Below mean
Nick Richards,C,25,CHO,33,0,18.8,3.4,5.5,0.615,0.0,0.0,,3.4,5.5,0.615,0.615,2.2,3.0,0.735,2.9,3.5,6.4,0.6,0.2,0.8,0.8,2.3,9.0,Below mean
Nickeil Alexander-Walker,SG,24,UTA,26,2,15.5,2.5,5.1,0.489,1.1,2.7,0.42,1.4,2.5,0.563,0.598,0.7,1.0,0.731,0.3,1.3,1.6,2.3,0.7,0.4,1.3,1.7,6.8,Below mean
Nicolas Batum,PF,34,LAC,36,5,21.5,2.2,4.9,0.449,1.6,3.9,0.424,0.6,1.0,0.541,0.616,0.4,0.7,0.615,0.9,3.5,4.4,1.3,0.6,0.8,0.7,2.0,6.5,Above mean
Nicolas Batum,PF,34,LAC,36,5,21.5,2.2,4.9,0.449,1.6,3.9,0.424,0.6,1.0,0.541,0.616,0.4,0.7,0.615,0.9,3.5,4.4,1.3,0.6,0.8,0.7,2.0,6.5,Above mean
Nikola Jokić,C,27,DEN,31,31,33.6,9.7,15.6,0.619,0.8,2.4,0.324,8.9,13.3,0.672,0.643,5.6,7.0,0.806,2.2,8.7,10.8,9.4,1.5,0.6,3.5,2.8,25.7,Above mean
Nikola Jović,PF,19,MIA,15,8,13.6,1.9,4.6,0.406,0.5,2.3,0.229,1.3,2.3,0.588,0.464,1.2,1.3,0.947,0.6,1.5,2.1,0.7,0.5,0.1,0.7,1.3,5.5,Below mean
Nikola Vucević,C,32,CHI,34,34,32.7,6.6,13.1,0.506,1.7,4.6,0.376,4.9,8.5,0.576,0.572,1.7,2.0,0.853,2.0,8.3,10.3,3.0,0.6,0.8,1.9,2.1,16.7,Above mean
Noah Vonleh,C,27,BOS,21,1,7.8,0.5,1.1,0.458,0.0,0.2,0.25,0.5,1.0,0.5,0.479,0.1,0.1,1.0,0.8,1.4,2.2,0.3,0.1,0.4,0.5,1.6,1.2,Below mean
Norman Powell,SG,29,LAC,26,5,24.7,5.4,11.3,0.478,1.6,4.3,0.378,3.8,7.0,0.538,0.549,3.0,3.8,0.77,0.3,2.4,2.7,1.7,0.8,0.3,1.9,1.8,15.3,Above mean
OG Anunoby,SF,25,TOR,30,30,37.0,7.0,14.6,0.481,1.7,4.9,0.356,5.3,9.7,0.543,0.54,3.1,3.7,0.83,1.4,4.5,5.9,2.1,2.2,0.8,2.5,2.9,18.8,Above mean
Obi Toppin,PF,24,NYK,25,0,17.1,2.9,6.8,0.421,1.4,3.9,0.351,1.5,3.0,0.514,0.52,0.6,0.7,0.824,0.6,3.2,3.8,1.0,0.4,0.2,0.8,1.1,7.7,Below mean
Ochai Agbaji,SG,22,UTA,16,0,7.9,1.1,2.6,0.405,0.3,1.3,0.238,0.8,1.3,0.571,0.464,0.3,0.6,0.444,0.4,0.7,1.1,0.2,0.1,0.0,0.0,0.8,2.7,Below mean
Onyeka Okongwu,C,22,ATL,34,7,22.3,3.5,5.7,0.619,0.0,0.1,0.0,3.5,5.6,0.628,0.619,1.8,2.4,0.741,2.6,4.4,7.0,0.9,0.5,1.0,0.9,3.1,8.8,Below mean
Orlando Robinson,C,22,MIA,8,0,15.9,2.3,4.4,0.514,0.0,0.6,0.0,2.3,3.8,0.6,0.514,0.8,1.0,0.75,1.6,2.3,3.9,1.4,0.8,0.5,0.6,2.1,5.3,
Oshae Brissett,SF,24,IND,30,0,16.0,1.9,4.3,0.438,0.9,2.5,0.365,1.0,1.8,0.537,0.543,1.6,2.3,0.671,0.7,2.4,3.2,0.5,0.7,0.2,0.6,1.3,6.2,Below mean
Otto Porter Jr.,SF,29,TOR,8,2,18.3,1.9,3.8,0.5,0.8,2.1,0.353,1.1,1.6,0.692,0.6,1.0,1.0,1.0,0.8,1.6,2.4,1.0,1.4,0.0,0.5,0.9,5.5,Below mean
Ousmane Dieng,SF,19,OKC,14,0,15.7,1.8,4.2,0.424,0.7,2.4,0.294,1.1,1.8,0.6,0.508,0.1,0.3,0.25,0.4,2.4,2.9,1.4,0.4,0.3,0.5,0.9,4.4,Below mean
P.J. Tucker,PF,37,PHI,33,33,28.1,1.2,3.0,0.418,0.6,1.7,0.382,0.6,1.3,0.465,0.526,0.3,0.4,0.833,1.3,3.0,4.3,0.9,0.6,0.3,0.8,2.6,3.4,Above mean
P.J. Washington,PF,24,CHO,34,34,31.8,5.5,13.2,0.416,1.9,5.5,0.337,3.6,7.7,0.473,0.487,2.0,2.5,0.798,1.1,3.8,4.9,2.3,0.8,1.1,1.5,2.6,14.8,Below mean
Paolo Banchero,PF,20,ORL,29,29,34.0,6.9,15.5,0.442,1.2,3.9,0.313,5.7,11.7,0.485,0.481,6.0,7.9,0.752,1.1,5.6,6.7,3.9,0.9,0.6,2.9,2.4,20.9,Above mean
Pascal Siakam,C,28,TOR,24,24,36.8,9.4,19.3,0.487,1.4,4.2,0.337,8.0,15.0,0.529,0.524,6.4,8.3,0.774,1.8,6.8,8.5,6.8,1.0,0.5,2.5,3.1,26.6,Above mean
Pat Connaughton,SG,30,MIL,18,2,20.2,2.4,6.9,0.347,1.6,5.1,0.315,0.8,1.8,0.438,0.464,0.6,0.9,0.647,0.6,3.0,3.6,0.9,0.5,0.2,0.5,1.3,7.0,Below mean
Patrick Baldwin Jr.,SF,20,GSW,10,0,8.0,1.7,3.7,0.459,1.3,2.9,0.448,0.4,0.8,0.5,0.635,0.1,0.2,0.5,0.0,1.4,1.4,0.2,0.4,0.0,0.3,0.1,4.8,Below mean
Patrick Beverley,PG,34,LAL,28,28,27.0,2.0,5.3,0.378,1.1,3.4,0.316,0.9,1.9,0.491,0.48,0.9,1.1,0.806,0.6,3.1,3.7,2.6,0.9,0.5,1.0,2.8,6.0,Above mean
Patrick Williams,PF,21,CHI,34,33,28.5,3.6,8.0,0.452,1.3,3.3,0.405,2.3,4.7,0.484,0.535,0.9,1.0,0.914,1.0,3.1,4.1,1.4,0.6,1.0,1.4,2.1,9.5,Below mean
Patty Mills,PG,34,BRK,24,1,11.8,2.0,4.2,0.48,1.3,2.9,0.435,0.8,1.3,0.581,0.63,0.6,0.6,0.933,0.2,0.8,1.0,1.3,0.3,0.0,0.5,0.5,5.8,Below mean
Paul George,SF,32,LAC,26,26,34.2,8.1,18.0,0.45,3.0,7.8,0.381,5.1,10.2,0.502,0.532,4.5,5.2,0.881,0.7,5.5,6.2,5.2,1.5,0.5,3.5,2.6,23.7,Above mean
Paul Reed,C,23,PHI,28,0,10.0,1.3,2.3,0.556,0.0,0.1,0.0,1.3,2.1,0.583,0.556,0.3,0.4,0.667,1.2,2.0,3.2,0.4,0.8,0.6,0.6,2.1,2.8,Below mean
Payton Pritchard,PG,25,BOS,21,1,10.5,1.6,4.0,0.4,0.8,2.4,0.34,0.8,1.7,0.486,0.5,0.3,0.5,0.7,0.5,0.8,1.3,1.2,0.3,0.0,0.7,0.4,4.4,Below mean
Peyton Watson,SG,20,DEN,6,0,2.5,0.5,1.5,0.333,0.0,0.2,0.0,0.5,1.3,0.375,0.333,0.0,0.0,,0.3,0.2,0.5,0.0,0.0,0.0,0.0,0.2,1.0,Below mean
Precious Achiuwa,C,23,TOR,12,0,20.4,3.0,7.7,0.391,0.4,2.3,0.179,2.6,5.3,0.484,0.418,2.3,2.8,0.848,2.0,5.0,7.0,1.3,0.2,0.6,1.3,1.6,8.8,Below mean
Quentin Grimes,SG,22,NYK,24,19,27.0,3.4,7.3,0.471,1.8,4.8,0.377,1.6,2.5,0.65,0.595,1.0,1.4,0.758,0.9,2.5,3.4,2.1,0.6,0.5,1.1,2.9,9.7,Below mean
R.J. Hampton,PG,21,ORL,24,0,14.0,1.9,4.5,0.43,0.7,2.0,0.347,1.2,2.4,0.5,0.509,1.2,1.4,0.848,0.4,1.1,1.5,1.4,0.7,0.2,0.8,0.8,5.7,Below mean
RJ Barrett,SG,22,NYK,35,35,34.1,6.9,16.1,0.427,1.8,5.3,0.332,5.1,10.8,0.474,0.481,4.2,5.5,0.762,0.9,4.6,5.5,3.0,0.5,0.2,2.4,2.4,19.7,Above mean
Raul Neto,PG,30,CLE,22,0,9.0,0.9,2.0,0.455,0.2,0.8,0.278,0.7,1.2,0.577,0.511,0.5,0.5,0.833,0.1,0.7,0.8,1.2,0.4,0.0,0.4,0.8,2.5,Below mean
Reggie Bullock,SF,31,DAL,34,23,28.1,1.7,5.1,0.343,1.4,4.3,0.317,0.4,0.8,0.481,0.477,0.4,0.6,0.714,0.4,2.9,3.3,1.0,0.7,0.1,0.5,2.2,5.3,Above mean
Reggie Jackson,PG,32,LAC,33,33,28.7,4.6,10.8,0.426,1.6,4.5,0.358,3.0,6.3,0.474,0.5,1.5,1.7,0.909,0.4,2.1,2.5,3.8,0.7,0.1,2.2,2.1,12.3,Above mean
Richaun Holmes,PF,29,SAC,19,0,9.5,1.3,2.1,0.641,0.1,0.2,0.667,1.2,1.9,0.639,0.667,0.3,0.4,0.75,0.7,1.3,2.0,0.2,0.2,0.2,0.3,1.5,3.1,Above mean
Robert Covington,PF,32,LAC,20,0,15.6,1.9,4.9,0.381,1.0,3.1,0.311,0.9,1.8,0.5,0.479,0.7,0.9,0.824,0.5,3.1,3.6,1.2,0.5,0.7,0.8,2.0,5.4,Above mean
Robert Williams,C,25,BOS,5,0,18.4,3.4,4.4,0.773,0.0,0.0,,3.4,4.4,0.773,0.773,0.8,1.2,0.667,3.4,4.4,7.8,1.2,0.4,1.2,0.8,1.8,7.6,Above mean
Robin Lopez,C,34,CLE,22,1,8.8,1.3,2.0,0.636,0.0,0.0,,1.3,2.0,0.636,0.636,0.4,0.5,0.75,0.8,0.7,1.5,0.4,0.0,0.1,0.7,1.2,3.0,Below mean
Rodney McGruder,SG,31,DET,11,2,8.4,0.5,2.2,0.208,0.3,1.5,0.176,0.2,0.6,0.286,0.271,0.4,0.4,1.0,0.5,1.1,1.6,0.8,0.2,0.0,0.4,0.3,1.5,Below mean
Romeo Langford,SG,23,SAS,19,7,19.1,2.4,4.9,0.484,0.3,1.4,0.222,2.1,3.5,0.591,0.516,0.9,1.3,0.68,1.4,1.3,2.7,0.9,0.6,0.4,0.8,1.8,5.9,Below mean
Ron Harper Jr.,SF,22,TOR,2,0,4.0,1.0,2.0,0.5,1.0,1.5,0.667,0.0,0.5,0.0,0.75,0.0,0.0,,0.0,0.5,0.5,0.0,0.0,0.0,0.0,0.0,3.0,
Royce ONeale,SF,29,BRK,33,33,35.2,3.3,8.2,0.405,2.3,5.4,0.425,1.0,2.7,0.367,0.546,0.5,0.8,0.64,0.8,4.2,4.9,4.2,0.9,0.7,1.8,3.2,9.4,Below mean
Rudy Gay,SF,36,UTA,23,0,15.8,1.7,4.9,0.336,0.6,2.6,0.22,1.1,2.3,0.463,0.394,0.4,0.6,0.692,0.6,2.6,3.1,0.7,0.5,0.4,0.6,1.3,4.3,Below mean
Rudy Gobert,C,30,MIN,30,30,31.4,5.3,7.9,0.667,0.0,0.1,0.0,5.3,7.8,0.675,0.667,3.2,4.7,0.683,3.5,8.4,12.0,0.9,0.8,1.3,1.6,3.1,13.8,Above mean
Rui Hachimura,PF,24,WAS,20,0,23.8,5.2,10.0,0.52,0.8,2.4,0.333,4.4,7.6,0.579,0.56,1.7,2.1,0.786,0.8,4.0,4.8,1.2,0.3,0.5,1.2,1.2,12.9,Below mean
Russell Westbrook,PG,34,LAL,32,3,28.1,5.4,13.3,0.407,1.1,3.9,0.286,4.3,9.3,0.458,0.449,2.7,4.0,0.674,1.1,5.1,6.3,7.7,1.0,0.5,3.4,2.4,14.7,Above mean
Ryan Arcidiacono,PG,28,NYK,8,0,2.8,0.1,0.6,0.2,0.1,0.4,0.333,0.0,0.3,0.0,0.3,0.0,0.0,,0.0,0.5,0.5,0.3,0.3,0.0,0.1,0.3,0.4,Below mean
Ryan Rollins,PG,20,GSW,11,0,5.5,0.5,1.7,0.316,0.3,0.8,0.333,0.3,0.9,0.3,0.395,0.5,0.5,1.0,0.2,0.7,0.9,0.5,0.1,0.1,1.5,0.9,1.9,Below mean
Saben Lee,PG,23,PHI,2,0,5.0,1.5,2.0,0.75,0.0,0.5,0.0,1.5,1.5,1.0,0.75,0.0,0.0,,0.0,0.0,0.0,1.0,0.5,0.0,1.5,0.5,3.0,
Saddiq Bey,SF,23,DET,33,17,28.4,4.5,11.1,0.402,1.7,5.3,0.324,2.7,5.8,0.474,0.48,3.4,4.1,0.836,0.9,3.2,4.2,1.5,0.8,0.2,1.1,1.6,14.0,Below mean
Sam Hauser,PF,25,BOS,35,0,15.6,2.2,4.8,0.455,1.7,4.1,0.414,0.5,0.6,0.727,0.635,0.2,0.3,0.636,0.4,2.1,2.5,0.7,0.3,0.2,0.3,1.3,6.3,Below mean
Sandro Mamukelashvili,C,23,MIL,14,0,8.4,0.9,2.4,0.364,0.4,1.2,0.294,0.5,1.1,0.438,0.439,0.4,0.7,0.5,0.6,1.6,2.2,0.6,0.1,0.1,0.3,0.7,2.4,
Santi Aldama,PF,22,MEM,32,16,23.6,3.4,7.2,0.478,1.3,3.5,0.381,2.1,3.7,0.573,0.572,1.5,2.0,0.723,1.3,4.0,5.2,1.3,0.8,0.9,0.6,2.4,9.7,Below mean
Scottie Barnes,PF,21,TOR,31,30,33.7,5.9,13.1,0.451,1.0,3.3,0.301,4.9,9.8,0.502,0.489,1.8,2.4,0.77,1.9,5.0,6.9,4.7,0.8,0.7,2.3,1.8,14.6,Below mean
Scotty Pippen Jr.,PG,22,LAL,3,0,7.7,0.3,2.3,0.143,0.3,0.7,0.5,0.0,1.7,0.0,0.214,1.3,2.0,0.667,0.7,0.7,1.3,0.3,0.3,0.3,0.7,1.0,2.3,
Serge Ibaka,PF,33,MIL,15,0,11.3,1.6,3.1,0.511,0.4,1.0,0.4,1.2,2.1,0.563,0.574,0.5,0.9,0.615,0.9,1.9,2.8,0.3,0.0,0.4,0.5,1.3,4.1,Below mean
Seth Curry,SG,32,BRK,23,0,21.1,3.0,7.0,0.429,1.5,3.9,0.389,1.5,3.1,0.479,0.537,0.7,0.8,0.944,0.2,1.7,2.0,2.2,0.6,0.2,1.0,1.9,8.3,Below mean
Shaedon Sharpe,SG,19,POR,33,5,19.4,3.2,6.8,0.464,0.8,2.5,0.337,2.3,4.3,0.539,0.527,0.5,0.8,0.63,0.8,1.7,2.5,0.5,0.3,0.2,0.6,1.4,7.7,Below mean
Shai Gilgeous-Alexander,SG,24,OKC,31,31,35.8,10.5,20.7,0.505,1.0,2.9,0.352,9.5,17.8,0.531,0.53,9.5,10.3,0.925,0.8,4.1,4.9,5.8,1.7,1.1,3.4,2.6,31.5,Above mean
Shake Milton,SG,26,PHI,29,8,24.4,4.2,8.2,0.506,0.8,2.2,0.375,3.3,6.0,0.554,0.556,1.6,1.9,0.836,0.6,2.6,3.2,3.2,0.4,0.2,1.6,1.8,10.8,Below mean
Simone Fontecchio,SF,27,UTA,21,0,9.0,1.3,3.4,0.375,0.9,2.4,0.353,0.4,1.0,0.429,0.5,0.4,0.7,0.643,0.5,0.7,1.1,0.4,0.1,0.2,0.5,0.9,3.9,Below mean
Spencer Dinwiddie,PG,29,DAL,34,34,32.6,5.7,12.4,0.46,2.7,6.6,0.415,3.0,5.8,0.51,0.57,2.3,2.8,0.84,0.4,2.8,3.2,5.2,0.9,0.3,1.6,2.3,16.5,Above mean
Stanley Johnson,SF,26,SAS,7,0,12.7,2.3,3.9,0.593,0.6,1.3,0.444,1.7,2.6,0.667,0.667,0.6,0.7,0.8,0.3,1.9,2.1,1.9,0.7,0.6,0.9,1.1,5.7,Below mean
Stephen Curry,PG,34,GSW,26,26,34.4,10.1,20.2,0.5,5.0,11.6,0.434,5.0,8.5,0.59,0.625,4.8,5.2,0.919,0.6,6.0,6.6,6.8,1.0,0.3,3.1,2.1,30.0,Above mean
Steven Adams,C,29,MEM,30,30,26.3,3.4,5.8,0.589,0.0,0.0,0.0,3.4,5.8,0.592,0.589,0.9,2.6,0.333,4.8,5.5,10.3,2.2,0.8,1.2,1.9,2.3,7.7,Above mean
Svi Mykhailiuk,SF,25,NYK,11,0,3.5,0.5,1.1,0.5,0.5,0.9,0.6,0.0,0.2,0.0,0.75,0.3,0.5,0.6,0.0,0.6,0.6,0.1,0.1,0.0,0.2,0.1,1.9,Below mean
Svi Mykhailiuk,SF,25,NYK,11,0,3.5,0.5,1.1,0.5,0.5,0.9,0.6,0.0,0.2,0.0,0.75,0.3,0.5,0.6,0.0,0.6,0.6,0.1,0.1,0.0,0.2,0.1,1.9,Below mean
T.J. McConnell,PG,30,IND,32,0,17.4,2.3,5.2,0.437,0.1,0.5,0.235,2.2,4.7,0.46,0.449,0.5,0.6,0.842,0.6,1.8,2.4,4.4,1.1,0.2,1.6,1.2,5.2,Below mean
T.J. Warren,SF,29,BRK,11,0,18.9,4.1,7.6,0.536,0.6,1.7,0.368,3.5,5.9,0.585,0.577,0.7,0.8,0.889,1.0,2.3,3.3,1.7,0.7,0.3,0.5,1.7,9.5,Below mean
Taj Gibson,PF,37,WAS,23,1,9.0,1.3,2.5,0.534,0.1,0.6,0.231,1.2,2.0,0.622,0.56,0.7,0.9,0.75,0.5,1.0,1.6,0.5,0.4,0.3,0.5,1.8,3.5,Below mean
Talen Horton-Tucker,SG,22,UTA,32,1,15.6,2.5,6.6,0.382,0.6,2.7,0.233,1.9,3.9,0.484,0.429,1.0,1.3,0.744,0.5,2.0,2.5,2.3,0.8,0.3,1.2,1.3,6.7,Above mean
Tari Eason,PF,21,HOU,34,0,18.9,3.1,7.3,0.43,0.8,2.1,0.389,2.3,5.2,0.446,0.486,1.4,1.6,0.839,2.0,3.1,5.1,0.8,1.1,0.5,0.9,2.2,8.5,Below mean
Taurean Prince,SF,28,MIN,18,0,19.6,2.8,5.7,0.495,1.2,3.0,0.389,1.7,2.7,0.612,0.597,1.1,1.2,0.864,0.3,2.2,2.5,1.2,0.3,0.2,1.2,2.4,7.9,Below mean
Terance Mann,SG,26,LAC,35,13,21.5,3.2,6.2,0.521,0.7,2.1,0.347,2.5,4.1,0.613,0.581,1.0,1.4,0.735,1.1,2.7,3.8,1.9,0.6,0.3,1.1,1.9,8.2,Below mean
Terence Davis,SG,25,SAC,27,2,13.4,2.5,5.8,0.436,1.4,3.9,0.362,1.1,1.9,0.588,0.558,0.5,0.6,0.824,0.4,2.1,2.6,1.3,0.7,0.3,0.9,2.0,7.0,Below mean
Terrence Ross,SG,31,ORL,32,8,23.0,3.1,7.5,0.417,1.4,4.0,0.349,1.7,3.5,0.495,0.51,0.4,0.5,0.706,0.3,1.8,2.0,1.3,0.6,0.2,1.1,1.3,8.0,Above mean
Terry Rozier,PG,28,CHO,25,25,36.0,7.7,19.7,0.392,2.5,7.8,0.316,5.2,11.8,0.443,0.455,2.4,2.8,0.845,1.0,3.4,4.4,5.5,0.7,0.2,2.6,2.0,20.3,Above mean
Terry Taylor,SG,23,IND,18,2,7.7,0.7,1.9,0.382,0.1,0.6,0.2,0.6,1.3,0.458,0.412,0.2,0.3,0.8,0.6,0.7,1.3,0.3,0.1,0.2,0.2,0.7,1.8,Below mean
Thaddeus Young,PF,34,TOR,31,9,17.2,2.2,4.1,0.543,0.1,0.7,0.182,2.1,3.4,0.619,0.559,0.5,0.6,0.778,1.7,2.0,3.7,1.7,1.0,0.1,0.8,1.9,5.0,Below mean
Thanasis Antetokounmpo,SF,30,MIL,16,0,4.3,0.2,0.4,0.5,0.0,0.1,0.0,0.2,0.3,0.6,0.5,0.1,0.1,0.5,0.3,0.6,0.9,0.2,0.1,0.2,0.3,0.3,0.4,Below mean
Theo Pinson,SG,27,DAL,14,0,4.9,0.2,1.1,0.2,0.1,0.7,0.2,0.1,0.4,0.2,0.267,0.4,0.4,0.833,0.1,1.3,1.4,0.4,0.1,0.0,0.2,0.2,0.9,Below mean
Thomas Bryant,C,25,LAL,21,9,19.4,4.2,6.3,0.669,0.6,1.2,0.5,3.6,5.1,0.71,0.718,1.8,2.7,0.679,1.4,4.2,5.6,1.0,0.3,0.5,0.8,2.0,10.9,Below mean
Théo Maledon,PG,21,CHO,33,1,16.3,1.8,4.3,0.423,0.5,1.7,0.321,1.3,2.6,0.488,0.486,1.4,1.6,0.87,0.3,2.2,2.5,2.4,0.8,0.2,1.0,1.0,5.6,Below mean
Tim Hardaway Jr.,SG,30,DAL,33,16,27.6,4.4,11.7,0.375,2.8,7.9,0.351,1.6,3.8,0.424,0.494,1.9,2.4,0.775,0.2,2.8,3.0,1.7,0.8,0.2,0.9,1.5,13.5,Above mean
Tobias Harris,PF,30,PHI,30,30,34.6,6.5,13.1,0.494,2.1,5.4,0.395,4.3,7.7,0.563,0.575,1.6,1.8,0.87,0.9,5.2,6.2,2.7,1.2,0.5,1.5,2.2,16.6,Above mean
Tony Bradley,C,25,CHI,9,0,2.8,0.4,0.8,0.571,0.2,0.4,0.5,0.2,0.3,0.667,0.714,0.2,0.2,1.0,0.1,1.0,1.1,0.1,0.1,0.0,0.1,0.1,1.3,Below mean
Torrey Craig,SF,32,PHO,33,25,24.8,3.2,6.7,0.475,1.4,3.5,0.402,1.8,3.2,0.558,0.581,0.5,0.6,0.81,2.0,3.3,5.3,1.5,0.7,0.7,0.7,2.4,8.3,Below mean
Trae Young,PG,24,ATL,31,31,35.6,8.6,20.9,0.414,2.3,7.3,0.316,6.4,13.6,0.466,0.468,7.7,8.6,0.896,0.7,2.1,2.8,9.9,0.7,0.2,3.8,1.4,27.3,Above mean
Tre Jones,PG,23,SAS,33,33,30.0,4.8,11.0,0.437,0.8,2.6,0.306,4.0,8.5,0.477,0.473,2.3,2.6,0.906,0.8,2.8,3.5,6.5,1.5,0.2,1.9,1.7,12.8,Below mean
Tre Mann,PG,21,OKC,29,4,20.0,3.3,8.6,0.384,1.4,4.7,0.309,1.9,3.9,0.474,0.468,0.6,0.8,0.708,0.5,1.9,2.4,1.6,0.8,0.1,0.9,1.5,8.7,Below mean
Trendon Watford,PF,22,POR,25,2,17.4,2.0,3.4,0.57,0.3,0.8,0.368,1.7,2.7,0.627,0.61,1.2,1.6,0.769,0.8,3.2,4.0,1.8,0.5,0.1,1.0,1.9,5.4,Below mean
Trent Forrest,PG,24,ATL,15,3,14.1,1.5,3.1,0.478,0.0,0.1,0.0,1.5,2.9,0.5,0.478,0.1,0.2,0.667,0.3,1.4,1.7,1.9,0.4,0.1,0.5,0.9,3.1,
Trevelin Queen,PG,25,IND,2,0,10.0,0.0,1.5,0.0,0.0,1.5,0.0,0.0,0.0,,0.0,0.0,0.0,,0.5,1.0,1.5,1.0,0.5,0.5,1.5,0.5,0.0,Below mean
Trevor Hudgins,PG,23,HOU,1,0,4.0,1.0,1.0,1.0,1.0,1.0,1.0,0.0,0.0,,1.5,0.0,0.0,,0.0,0.0,0.0,0.0,0.0,0.0,0.0,0.0,3.0,
Trevor Keels,SG,19,NYK,1,0,1.0,0.0,1.0,0.0,0.0,1.0,0.0,0.0,0.0,,0.0,0.0,0.0,,0.0,1.0,1.0,0.0,0.0,0.0,0.0,0.0,0.0,
Trey Lyles,PF,27,SAC,27,0,14.4,2.1,5.0,0.43,1.1,3.1,0.341,1.1,1.9,0.58,0.537,0.7,1.0,0.704,1.0,2.3,3.2,0.8,0.3,0.3,0.9,1.1,6.1,Below mean
Trey Murphy III,SF,22,NOP,31,21,28.8,4.3,9.0,0.477,2.4,5.7,0.418,1.9,3.3,0.578,0.609,2.0,2.2,0.91,1.0,3.2,4.3,1.5,1.1,0.5,0.8,2.1,12.9,Below mean
Troy Brown Jr.,SF,23,LAL,32,17,22.2,2.5,5.6,0.439,1.0,2.9,0.355,1.4,2.7,0.529,0.531,0.6,0.6,1.0,0.8,3.0,3.8,0.7,0.7,0.1,0.8,1.4,6.6,Below mean
Ty Jerome,SG,25,GSW,20,1,17.3,2.7,5.2,0.51,0.9,2.2,0.395,1.8,3.1,0.59,0.591,1.0,1.0,0.95,0.2,1.6,1.8,2.4,0.3,0.1,0.6,1.4,7.1,Below mean
TyTy Washington Jr.,PG,21,HOU,8,0,10.0,1.8,4.1,0.424,0.4,1.8,0.214,1.4,2.4,0.579,0.47,0.1,0.3,0.5,0.1,1.5,1.6,1.6,0.5,0.0,0.1,0.8,4.0,Below mean
Tyler Dorsey,SG,26,DAL,3,0,2.7,1.3,1.7,0.8,0.3,0.7,0.5,1.0,1.0,1.0,0.9,0.0,0.0,,0.3,0.3,0.7,0.0,0.0,0.0,0.0,0.0,3.0,
Tyler Herro,SG,23,MIA,27,27,35.3,7.5,16.7,0.448,3.3,8.4,0.394,4.2,8.3,0.502,0.547,2.7,3.0,0.913,0.5,5.3,5.8,4.6,1.0,0.4,2.6,1.7,21.0,Below mean
Tyrese Haliburton,PG,22,IND,33,33,33.4,7.4,15.3,0.48,3.0,7.6,0.4,4.3,7.8,0.559,0.579,2.8,3.2,0.875,0.7,3.1,3.8,10.2,1.7,0.4,2.7,1.1,20.5,Below mean
Tyrese Martin,SG,23,ATL,11,0,3.8,0.5,1.5,0.375,0.1,0.5,0.2,0.5,1.0,0.455,0.406,0.2,0.2,1.0,0.2,0.4,0.5,0.0,0.1,0.0,0.1,0.2,1.4,Below mean
Tyrese Maxey,SG,22,PHI,15,15,36.4,8.4,18.2,0.462,2.9,6.8,0.422,5.5,11.4,0.485,0.54,3.2,4.3,0.738,0.4,3.1,3.5,4.4,1.0,0.3,2.0,2.3,22.9,Below mean
Tyus Jones,PG,26,MEM,33,5,23.5,3.9,8.8,0.441,1.5,3.9,0.375,2.4,4.9,0.494,0.524,1.0,1.3,0.75,0.4,1.8,2.2,4.5,0.8,0.1,1.0,0.4,10.2,Above mean
Udoka Azubuike,C,23,UTA,15,0,4.2,0.8,0.9,0.857,0.0,0.0,,0.8,0.9,0.857,0.857,0.1,0.4,0.333,0.7,1.1,1.8,0.3,0.1,0.2,0.2,0.3,1.7,Below mean
Udonis Haslem,PF,42,MIA,5,1,7.2,0.2,2.0,0.1,0.0,0.2,0.0,0.2,1.8,0.111,0.1,0.2,0.4,0.5,0.6,0.6,1.2,0.0,0.2,0.2,0.0,1.4,0.6,Below mean
Usman Garuba,PF,20,HOU,32,1,14.5,1.2,2.4,0.487,0.3,0.5,0.5,0.9,1.9,0.484,0.538,0.5,0.9,0.536,2.0,2.9,4.9,1.1,0.8,0.6,0.7,1.6,3.1,Below mean
Vernon Carey Jr.,C,21,WAS,4,0,1.8,0.0,0.5,0.0,0.0,0.0,,0.0,0.5,0.0,0.0,0.0,0.0,,0.0,0.8,0.8,0.3,0.0,0.0,0.3,0.5,0.0,Below mean
Victor Oladipo,SG,30,MIA,10,1,25.4,2.8,7.7,0.364,1.0,4.1,0.244,1.8,3.6,0.5,0.429,1.4,1.8,0.778,0.4,2.1,2.5,2.7,1.7,0.2,1.2,2.3,8.0,Below mean
Vince Williams Jr.,SG,22,MEM,6,0,6.7,0.5,1.8,0.273,0.2,1.3,0.125,0.3,0.5,0.667,0.318,0.0,0.0,,0.2,0.7,0.8,0.3,0.7,0.2,0.0,0.8,1.2,
Vit Krejci,PG,22,ATL,16,0,6.6,0.6,1.6,0.385,0.3,1.1,0.294,0.3,0.6,0.556,0.481,0.1,0.1,0.5,0.1,0.6,0.7,0.6,0.1,0.1,0.2,0.6,1.6,Below mean
Vlatko Cancar,PF,25,DEN,23,0,12.0,1.7,3.3,0.5,0.9,1.9,0.488,0.7,1.4,0.515,0.638,0.3,0.3,0.857,0.3,1.4,1.7,1.0,0.3,0.2,0.7,1.3,4.5,Below mean
Walker Kessler,C,21,UTA,34,6,18.4,2.9,3.9,0.737,0.0,0.0,,2.9,3.9,0.737,0.737,1.0,1.9,0.547,2.4,3.9,6.3,0.6,0.2,1.9,0.6,2.3,6.8,Below mean
Wendell Carter Jr.,C,23,ORL,18,15,30.8,5.7,10.9,0.52,1.2,3.4,0.339,4.5,7.4,0.604,0.574,3.5,4.5,0.778,2.2,6.2,8.4,3.1,0.5,0.4,2.4,2.9,16.0,Above mean
Wendell Moore Jr.,SG,21,MIN,16,2,6.0,0.8,1.8,0.464,0.1,0.8,0.167,0.7,1.0,0.688,0.5,0.3,0.3,0.8,0.1,0.7,0.8,0.5,0.3,0.2,0.4,0.7,2.0,Below mean
Wenyen Gabriel,PF,25,LAL,26,2,14.4,2.2,3.6,0.602,0.2,0.6,0.375,1.9,3.0,0.649,0.634,1.0,1.3,0.758,1.5,2.5,4.0,0.5,0.4,0.5,0.7,2.0,5.5,Below mean
Wesley Matthews,SG,36,MIL,25,0,15.1,1.0,2.9,0.329,0.8,2.4,0.322,0.2,0.6,0.357,0.459,0.4,0.4,0.9,0.8,0.9,1.7,0.6,0.5,0.2,0.4,1.6,3.0,Below mean
Will Barton,SG,32,WAS,31,0,22.3,3.0,8.0,0.371,1.4,3.8,0.37,1.5,4.2,0.372,0.46,0.9,1.1,0.8,0.2,2.8,3.0,2.7,0.5,0.3,1.2,1.2,8.3,Above mean
Willy Hernangómez,C,28,NOP,16,0,10.3,1.8,3.6,0.5,0.1,0.4,0.167,1.8,3.3,0.538,0.509,2.0,2.5,0.8,1.5,2.4,3.9,0.9,0.3,0.4,1.3,1.4,5.7,Below mean
Xavier Tillman Sr.,PF,24,MEM,18,0,9.8,1.7,2.7,0.646,0.2,0.4,0.429,1.6,2.3,0.683,0.677,0.3,0.9,0.375,1.1,1.2,2.3,0.4,0.3,0.4,0.4,0.9,3.9,Below mean
Yuta Watanabe,SF,28,BRK,22,0,19.5,2.9,5.2,0.557,1.5,3.0,0.523,1.4,2.3,0.6,0.704,0.5,0.7,0.733,0.7,2.2,2.9,1.0,0.4,0.5,0.4,1.6,7.9,Below mean
Zach Collins,PF,25,SAS,23,6,20.9,3.5,6.4,0.541,0.6,1.7,0.35,2.9,4.7,0.611,0.588,1.3,1.9,0.721,2.0,3.7,5.8,2.6,0.4,1.0,2.2,3.7,8.9,Below mean
Zach LaVine,SG,27,CHI,30,30,34.8,8.0,17.8,0.452,2.8,7.5,0.375,5.2,10.3,0.508,0.531,3.3,4.1,0.813,0.6,3.7,4.3,4.2,1.1,0.0,2.3,2.3,22.2,Above mean
Zeke Nnaji,PF,22,DEN,25,2,10.5,1.6,2.8,0.586,0.1,0.6,0.188,1.5,2.2,0.704,0.607,0.6,0.7,0.778,1.0,0.6,1.6,0.2,0.2,0.2,0.5,1.6,4.0,Below mean
Ziaire Williams,SF,21,MEM,9,0,18.2,2.0,5.8,0.346,0.3,2.9,0.115,1.7,2.9,0.577,0.375,0.2,0.2,1.0,0.2,3.2,3.4,1.6,0.6,0.2,1.2,2.0,4.6,Below mean
Zion Williamson,PF,22,NOP,26,26,33.4,9.8,16.2,0.607,0.3,0.7,0.368,9.6,15.5,0.618,0.615,5.9,8.2,0.715,2.0,5.0,7.0,4.7,1.2,0.6,3.2,2.2,25.8,Above mean
